<?xml version="1.0" encoding="UTF-8"?>
<gpx xmlns="http://www.topografix.com/GPX/1/1" xmlns:xsi="http://www.w3.org/2001/XMLSchema-instance" xsi:schemaLocation="http://www.topografix.com/GPX/1/1 http://www.topografix.com/GPX/1/1/gpx.xsd" version="1.1" creator="overpass-turbo"><metadata><desc>Filtered OSM data converted to GPX by overpass turbo</desc><copyright author="The data included in this document is from www.openstreetmap.org. The data is made available under ODbL."/><time>2026-02-23T12:39:35Z</time></metadata><trk><name>柱郷中3号線</name><desc>highway=unclassified
name=柱郷中3号線
source=YahooJapan/ALPSMAP</desc><link href="http://osm.org/browse/way/128709378"/><trkseg><trkpt lat="34.9171574" lon="137.1632715"/><trkpt lat="34.9170512" lon="137.1630144"/><trkpt lat="34.916999" lon="137.1629339"/><trkpt lat="34.9169666" lon="137.1628839"/><trkpt lat="34.9168375" lon="137.1627691"/><trkpt lat="34.9167778" lon="137.1627159"/><trkpt lat="34.9166435" lon="137.1626573"/><trkpt lat="34.9161971" lon="137.1625517"/></trkseg></trk><trk><name>way/128709761</name><desc>highway=service
service=alley
source=YahooJapan/ALPSMAP</desc><link href="http://osm.org/browse/way/128709761"/><trkseg><trkpt lat="34.9199602" lon="137.1649799"/><trkpt lat="34.919725" lon="137.1651705"/></trkseg></trk><trk><name>柱4号線</name><desc>highway=unclassified
name=柱4号線
source=YahooJapan/ALPSMAP</desc><link href="http://osm.org/browse/way/128709833"/><trkseg><trkpt lat="34.9197842" lon="137.1693296"/><trkpt lat="34.920193" lon="137.169285"/></trkseg></trk><trk><name>way/128709866</name><desc>highway=residential
source=YahooJapan/ALPSMAP</desc><link href="http://osm.org/browse/way/128709866"/><trkseg><trkpt lat="34.9211656" lon="137.1649679"/><trkpt lat="34.9215537" lon="137.1648724"/><trkpt lat="34.9219111" lon="137.1647778"/><trkpt lat="34.9223083" lon="137.1646939"/></trkseg></trk><trk><name>柱郷中3号線</name><desc>highway=unclassified
name=柱郷中3号線
source=YahooJapan/ALPSMAP</desc><link href="http://osm.org/browse/way/128709968"/><trkseg><trkpt lat="34.9157106" lon="137.1603881"/><trkpt lat="34.9157043" lon="137.1612395"/></trkseg></trk><trk><name>柱4号線</name><desc>highway=unclassified
name=柱4号線
source=YahooJapan/ALPSMAP</desc><link href="http://osm.org/browse/way/128710154"/><trkseg><trkpt lat="34.918938" lon="137.1694046"/><trkpt lat="34.9193638" lon="137.169369"/></trkseg></trk><trk><name>way/128710206</name><desc>highway=unclassified
source=YahooJapan/ALPSMAP
yh:STRUCTURE=地上
yh:TOTYUMONO=供用中
yh:TYPE=その他一般道
yh:WIDTH=3.0m〜5.5m
yh:WIDTH_RANK=3</desc><link href="http://osm.org/browse/way/128710206"/><trkseg><trkpt lat="34.917163" lon="137.170955"/><trkpt lat="34.9168036" lon="137.171139"/></trkseg></trk><trk><name>柱13号線</name><desc>highway=unclassified
name=柱13号線
source=YahooJapan/ALPSMAP</desc><link href="http://osm.org/browse/way/128710225"/><trkseg><trkpt lat="34.919569" lon="137.1679861"/><trkpt lat="34.9192008" lon="137.1681227"/></trkseg></trk><trk><name>way/128710280</name><desc>highway=unclassified
source=YahooJapan/ALPSMAP
yh:STRUCTURE=地上
yh:TOTYUMONO=供用中
yh:TYPE=その他一般道
yh:WIDTH=3.0m〜5.5m
yh:WIDTH_RANK=3</desc><link href="http://osm.org/browse/way/128710280"/><trkseg><trkpt lat="34.9187967" lon="137.1665813"/><trkpt lat="34.9188305" lon="137.1665561"/></trkseg></trk><trk><name>way/128710387</name><desc>highway=unclassified
source=YahooJapan/ALPSMAP
yh:STRUCTURE=地上
yh:TOTYUMONO=供用中
yh:TYPE=その他一般道
yh:WIDTH=3.0m〜5.5m
yh:WIDTH_RANK=3</desc><link href="http://osm.org/browse/way/128710387"/><trkseg><trkpt lat="34.9157043" lon="137.1612395"/><trkpt lat="34.9156921" lon="137.1615174"/></trkseg></trk><trk><name>way/128710547</name><desc>highway=tertiary
source=YahooJapan/ALPSMAP</desc><link href="http://osm.org/browse/way/128710547"/><trkseg><trkpt lat="34.9214029" lon="137.1608345"/><trkpt lat="34.9214139" lon="137.1608887"/><trkpt lat="34.9215745" lon="137.1618401"/></trkseg></trk><trk><name>way/128710662</name><desc>highway=unclassified
source=YahooJapan/ALPSMAP
yh:STRUCTURE=地上
yh:TOTYUMONO=供用中
yh:TYPE=その他一般道
yh:WIDTH=3.0m〜5.5m
yh:WIDTH_RANK=3</desc><link href="http://osm.org/browse/way/128710662"/><trkseg><trkpt lat="34.9190126" lon="137.1704639"/><trkpt lat="34.9194314" lon="137.1704247"/></trkseg></trk><trk><name>若松５号線</name><desc>highway=residential
name=若松５号線
source=YahooJapan/ALPSMAP</desc><link href="http://osm.org/browse/way/128710900"/><trkseg><trkpt lat="34.9165863" lon="137.1696428"/><trkpt lat="34.9170585" lon="137.1695916"/></trkseg></trk><trk><name>way/128710938</name><desc>highway=unclassified
source=YahooJapan/ALPSMAP
yh:STRUCTURE=地上
yh:TOTYUMONO=供用中
yh:TYPE=その他一般道
yh:WIDTH=3.0m〜5.5m
yh:WIDTH_RANK=3</desc><link href="http://osm.org/browse/way/128710938"/><trkseg><trkpt lat="34.9198506" lon="137.1704436"/><trkpt lat="34.9202276" lon="137.1705498"/></trkseg></trk><trk><name>way/128711038</name><desc>highway=unclassified
source=YahooJapan/ALPSMAP
yh:STRUCTURE=地上
yh:TOTYUMONO=供用中
yh:TYPE=その他一般道
yh:WIDTH=3.0m〜5.5m
yh:WIDTH_RANK=3</desc><link href="http://osm.org/browse/way/128711038"/><trkseg><trkpt lat="34.917163" lon="137.170955"/><trkpt lat="34.9176574" lon="137.1706962"/></trkseg></trk><trk><name>way/128711114</name><desc>highway=unclassified
source=YahooJapan/ALPSMAP</desc><link href="http://osm.org/browse/way/128711114"/><trkseg><trkpt lat="34.9214599" lon="137.1632644"/><trkpt lat="34.9218015" lon="137.1632192"/></trkseg></trk><trk><name>若松宮前9号線</name><desc>highway=residential
name=若松宮前9号線
source=YahooJapan/ALPSMAP</desc><link href="http://osm.org/browse/way/128711229"/><trkseg><trkpt lat="34.9161971" lon="137.1625517"/><trkpt lat="34.9163393" lon="137.1624008"/><trkpt lat="34.9166263" lon="137.1620963"/></trkseg></trk><trk><name>若松5号線</name><desc>highway=unclassified
name=若松5号線
source=YahooJapan/ALPSMAP</desc><link href="http://osm.org/browse/way/128711394"/><trkseg><trkpt lat="34.9180228" lon="137.1695017"/><trkpt lat="34.9175644" lon="137.1695359"/></trkseg></trk><trk><name>way/128711678</name><desc>highway=unclassified
source=YahooJapan/ALPSMAP</desc><link href="http://osm.org/browse/way/128711678"/><trkseg><trkpt lat="34.9210664" lon="137.1632918"/><trkpt lat="34.9211151" lon="137.1632802"/><trkpt lat="34.9214599" lon="137.1632644"/></trkseg></trk><trk><name>柱13号線</name><desc>highway=unclassified
name=柱13号線
source=YahooJapan/ALPSMAP</desc><link href="http://osm.org/browse/way/128711717"/><trkseg><trkpt lat="34.9192008" lon="137.1681227"/><trkpt lat="34.9188213" lon="137.1682767"/></trkseg></trk><trk><name>way/128711765</name><desc>highway=unclassified
source=YahooJapan/ALPSMAP
yh:WIDTH=3.0m〜5.5m</desc><link href="http://osm.org/browse/way/128711765"/><trkseg><trkpt lat="34.9212946" lon="137.165842"/><trkpt lat="34.9212294" lon="137.1654791"/><trkpt lat="34.9211656" lon="137.1649679"/></trkseg></trk><trk><name>羽根大池5号線</name><desc>highway=unclassified
name=羽根大池5号線
source=YahooJapan/ALPSMAP</desc><link href="http://osm.org/browse/way/128711766"/><trkseg><trkpt lat="34.9228507" lon="137.1708703"/><trkpt lat="34.9220964" lon="137.1703732"/></trkseg></trk><trk><name>way/128711875</name><desc>highway=unclassified
source=YahooJapan/ALPSMAP
yh:STRUCTURE=地上
yh:TOTYUMONO=供用中
yh:TYPE=その他一般道
yh:WIDTH=3.0m〜5.5m
yh:WIDTH_RANK=3</desc><link href="http://osm.org/browse/way/128711875"/><trkseg><trkpt lat="34.9170614" lon="137.1723055"/><trkpt lat="34.9174526" lon="137.1734414"/></trkseg></trk><trk><name>way/128711938</name><desc>highway=unclassified
source=YahooJapan/ALPSMAP</desc><link href="http://osm.org/browse/way/128711938"/><trkseg><trkpt lat="34.9194314" lon="137.1704247"/><trkpt lat="34.9198506" lon="137.1704436"/></trkseg></trk><trk><name>way/128712103</name><desc>highway=unclassified
source=YahooJapan/ALPSMAP; GSI/KIBAN 2500; NARO
yh:WIDTH=3.0m〜5.5m</desc><link href="http://osm.org/browse/way/128712103"/><trkseg><trkpt lat="34.9201791" lon="137.1658244"/><trkpt lat="34.920266" lon="137.165738"/><trkpt lat="34.9203365" lon="137.1656702"/></trkseg></trk><trk><name>way/128712242</name><desc>highway=service
service=alley
source=YahooJapan/ALPSMAP</desc><link href="http://osm.org/browse/way/128712242"/><trkseg><trkpt lat="34.921508" lon="137.164151"/><trkpt lat="34.9218934" lon="137.1640932"/><trkpt lat="34.922195" lon="137.164048"/></trkseg></trk><trk><name>若松５号線</name><desc>highway=unclassified
name=若松５号線
source=YahooJapan/ALPSMAP</desc><link href="http://osm.org/browse/way/128712486"/><trkseg><trkpt lat="34.9170585" lon="137.1695916"/><trkpt lat="34.9175644" lon="137.1695359"/></trkseg></trk><trk><name>way/128712569</name><desc>highway=service
source=YahooJapan/ALPSMAP</desc><link href="http://osm.org/browse/way/128712569"/><trkseg><trkpt lat="34.9156924" lon="137.1625028"/><trkpt lat="34.9157591" lon="137.1628196"/></trkseg></trk><trk><name>way/128712573</name><desc>highway=unclassified
source=YahooJapan/ALPSMAP
yh:STRUCTURE=地上
yh:TOTYUMONO=供用中
yh:TYPE=その他一般道
yh:WIDTH=3.0m〜5.5m
yh:WIDTH_RANK=3</desc><link href="http://osm.org/browse/way/128712573"/><trkseg><trkpt lat="34.9211486" lon="137.1647528"/><trkpt lat="34.9211656" lon="137.1649679"/></trkseg></trk><trk><name>柱上荒子5号線</name><desc>highway=unclassified
name=柱上荒子5号線
source=YahooJapan/ALPSMAP</desc><link href="http://osm.org/browse/way/128712713"/><trkseg><trkpt lat="34.9215745" lon="137.1618401"/><trkpt lat="34.9220037" lon="137.1617686"/></trkseg></trk><trk><name>way/128712870</name><desc>highway=unclassified
source=YahooJapan/ALPSMAP
yh:STRUCTURE=地上
yh:TOTYUMONO=供用中
yh:TYPE=その他一般道
yh:WIDTH=3.0m〜5.5m
yh:WIDTH_RANK=3</desc><link href="http://osm.org/browse/way/128712870"/><trkseg><trkpt lat="34.922157" lon="137.163342"/><trkpt lat="34.9221597" lon="137.1631978"/></trkseg></trk><trk><name>way/128712974</name><desc>highway=unclassified
source=YahooJapan/ALPSMAP
yh:STRUCTURE=地上
yh:TOTYUMONO=供用中
yh:TYPE=その他一般道
yh:WIDTH=3.0m〜5.5m
yh:WIDTH_RANK=3</desc><link href="http://osm.org/browse/way/128712974"/><trkseg><trkpt lat="34.916837" lon="137.1724188"/><trkpt lat="34.9170614" lon="137.1723055"/></trkseg></trk><trk><name>way/128713021</name><desc>highway=unclassified
source=YahooJapan/ALPSMAP; GSI/KIBAN 2500; NARO</desc><link href="http://osm.org/browse/way/128713021"/><trkseg><trkpt lat="34.9204587" lon="137.1655558"/><trkpt lat="34.9206953" lon="137.1653484"/><trkpt lat="34.9211656" lon="137.1649679"/></trkseg></trk><trk><name>羽根大池鰻池2号線</name><desc>highway=unclassified
name=羽根大池鰻池2号線
source=YahooJapan/ALPSMAP</desc><link href="http://osm.org/browse/way/128713070"/><trkseg><trkpt lat="34.9213998" lon="137.1728723"/><trkpt lat="34.9217459" lon="137.1717983"/></trkseg></trk><trk><name>way/128713240</name><desc>highway=unclassified
source=YahooJapan/ALPSMAP
yh:STRUCTURE=地上
yh:TOTYUMONO=供用中
yh:TYPE=その他一般道
yh:WIDTH=3.0m〜5.5m
yh:WIDTH_RANK=3</desc><link href="http://osm.org/browse/way/128713240"/><trkseg><trkpt lat="34.916837" lon="137.1724188"/><trkpt lat="34.9166268" lon="137.1725379"/></trkseg></trk><trk><name>way/128713429</name><desc>highway=unclassified
source=YahooJapan/ALPSMAP</desc><link href="http://osm.org/browse/way/128713429"/><trkseg><trkpt lat="34.9168036" lon="137.171139"/><trkpt lat="34.9164614" lon="137.1713237"/></trkseg></trk><trk><name>way/128713481</name><desc>highway=unclassified
source=YahooJapan/ALPSMAP
yh:STRUCTURE=地上
yh:TOTYUMONO=供用中
yh:TYPE=その他一般道
yh:WIDTH=3.0m〜5.5m
yh:WIDTH_RANK=3</desc><link href="http://osm.org/browse/way/128713481"/><trkseg><trkpt lat="34.9174511" lon="137.1720909"/><trkpt lat="34.9170614" lon="137.1723055"/></trkseg></trk><trk><name>若松4号線</name><desc>highway=unclassified
lanes=2
name=若松4号線
source=YahooJapan/ALPSMAP</desc><link href="http://osm.org/browse/way/128713510"/><trkseg><trkpt lat="34.9155834" lon="137.1681955"/><trkpt lat="34.9160687" lon="137.1681417"/><trkpt lat="34.9164808" lon="137.1681068"/><trkpt lat="34.9169675" lon="137.1680546"/><trkpt lat="34.9174425" lon="137.1680137"/><trkpt lat="34.9179124" lon="137.1679606"/><trkpt lat="34.9184048" lon="137.1679129"/></trkseg></trk><trk><name>way/128713658</name><desc>highway=unclassified
source=YahooJapan/ALPSMAP; GSI/KIBAN 2500; NARO
yh:WIDTH=3.0m〜5.5m</desc><link href="http://osm.org/browse/way/128713658"/><trkseg><trkpt lat="34.9203365" lon="137.1656702"/><trkpt lat="34.9204587" lon="137.1655558"/></trkseg></trk><trk><name>way/128713702</name><desc>highway=unclassified
source=YahooJapan/ALPSMAP
yh:STRUCTURE=地上
yh:TOTYUMONO=供用中
yh:TYPE=その他一般道
yh:WIDTH=3.0m〜5.5m
yh:WIDTH_RANK=3</desc><link href="http://osm.org/browse/way/128713702"/><trkseg><trkpt lat="34.9211486" lon="137.1647528"/><trkpt lat="34.9211238" lon="137.1642036"/></trkseg></trk><trk><name>way/128713806</name><desc>highway=residential
source=YahooJapan/ALPSMAP</desc><link href="http://osm.org/browse/way/128713806"/><trkseg><trkpt lat="34.9212946" lon="137.165842"/><trkpt lat="34.9217775" lon="137.1656857"/></trkseg></trk><trk><name>way/128714265</name><desc>highway=unclassified
source=YahooJapan/ALPSMAP
yh:STRUCTURE=地上
yh:TOTYUMONO=供用中
yh:TYPE=その他一般道
yh:WIDTH=3.0m〜5.5m
yh:WIDTH_RANK=3</desc><link href="http://osm.org/browse/way/128714265"/><trkseg><trkpt lat="34.9194966" lon="137.1664551"/><trkpt lat="34.919205" lon="137.1664342"/></trkseg></trk><trk><name>柱17号線</name><desc>highway=unclassified
name=柱17号線
source=YahooJapan/ALPSMAP</desc><link href="http://osm.org/browse/way/128714542"/><trkseg><trkpt lat="34.9218752" lon="137.169914"/><trkpt lat="34.9215031" lon="137.1702848"/><trkpt lat="34.9211553" lon="137.1707297"/></trkseg></trk><trk><name>way/128714613</name><desc>highway=residential
source=YahooJapan/ALPSMAP</desc><link href="http://osm.org/browse/way/128714613"/><trkseg><trkpt lat="34.914999" lon="137.1689188"/><trkpt lat="34.914505" lon="137.1694312"/></trkseg></trk><trk><name>way/128714708</name><desc>highway=residential
oneway=yes
source=YahooJapan/ALPSMAP</desc><link href="http://osm.org/browse/way/128714708"/><trkseg><trkpt lat="34.9225385" lon="137.162425"/><trkpt lat="34.922156" lon="137.162454"/><trkpt lat="34.92209" lon="137.162454"/></trkseg></trk><trk><name>way/128714735</name><desc>highway=residential
source=YahooJapan/ALPSMAP</desc><link href="http://osm.org/browse/way/128714735"/><trkseg><trkpt lat="34.921508" lon="137.164151"/><trkpt lat="34.921485" lon="137.163706"/><trkpt lat="34.9214599" lon="137.1632644"/></trkseg></trk><trk><name>羽根道</name><desc>highway=unclassified
name=羽根道
source=YahooJapan/ALPSMAP
yh:WIDTH=3.0m〜5.5m</desc><link href="http://osm.org/browse/way/128714799"/><trkseg><trkpt lat="34.9223083" lon="137.1646939"/><trkpt lat="34.922229" lon="137.164499"/><trkpt lat="34.922195" lon="137.164048"/></trkseg></trk><trk><name>way/128714809</name><desc>highway=unclassified
source=YahooJapan/ALPSMAP</desc><link href="http://osm.org/browse/way/128714809"/><trkseg><trkpt lat="34.9221597" lon="137.1631978"/><trkpt lat="34.9218015" lon="137.1632192"/></trkseg></trk><trk><name>柱郷中3号線</name><desc>highway=unclassified
name=柱郷中3号線
source=YahooJapan/ALPSMAP</desc><link href="http://osm.org/browse/way/128714828"/><trkseg><trkpt lat="34.9156921" lon="137.1615174"/><trkpt lat="34.9156924" lon="137.1625028"/></trkseg></trk><trk><name>way/128714837</name><desc>highway=unclassified
source=YahooJapan/ALPSMAP
yh:STRUCTURE=地上
yh:TOTYUMONO=供用中
yh:TYPE=その他一般道
yh:WIDTH=3.0m〜5.5m
yh:WIDTH_RANK=3</desc><link href="http://osm.org/browse/way/128714837"/><trkseg><trkpt lat="34.9176574" lon="137.1706962"/><trkpt lat="34.91783" lon="137.170626"/><trkpt lat="34.9181064" lon="137.1705545"/></trkseg></trk><trk><name>柱3号線</name><desc>highway=unclassified
name=柱3号線
source=YahooJapan/ALPSMAP</desc><link href="http://osm.org/browse/way/128714903"/><trkseg><trkpt lat="34.9202904" lon="137.1703273"/><trkpt lat="34.9202276" lon="137.1705498"/></trkseg></trk><trk><name>柱2号線</name><desc>highway=unclassified
name=柱2号線
source=YahooJapan/ALPSMAP</desc><link href="http://osm.org/browse/way/128715069"/><trkseg><trkpt lat="34.9206823" lon="137.1701328"/><trkpt lat="34.9202904" lon="137.1703273"/></trkseg></trk><trk><name>way/128715162</name><desc>highway=unclassified
source=YahooJapan/ALPSMAP</desc><link href="http://osm.org/browse/way/128715162"/><trkseg><trkpt lat="34.9210664" lon="137.1632918"/><trkpt lat="34.920691" lon="137.163316"/><trkpt lat="34.920646" lon="137.16333"/></trkseg></trk><trk><name>way/128715201</name><desc>highway=unclassified
source=YahooJapan/ALPSMAP
yh:WIDTH=3.0m〜5.5m</desc><link href="http://osm.org/browse/way/128715201"/><trkseg><trkpt lat="34.9211553" lon="137.1707297"/><trkpt lat="34.9206823" lon="137.1701328"/></trkseg></trk><trk><name>若松2号線</name><desc>highway=tertiary
name=若松2号線
source=YahooJapan/ALPSMAP</desc><link href="http://osm.org/browse/way/128715367"/><trkseg><trkpt lat="34.9184048" lon="137.1679129"/><trkpt lat="34.9183541" lon="137.1672769"/></trkseg></trk><trk><name>羽根大池4号線</name><desc>highway=unclassified
name=羽根大池4号線
source=YahooJapan/ALPSMAP</desc><link href="http://osm.org/browse/way/128715391"/><trkseg><trkpt lat="34.9223677" lon="137.1721016"/><trkpt lat="34.9220931" lon="137.171994"/><trkpt lat="34.9217459" lon="137.1717983"/></trkseg></trk><trk><name>柱17号線</name><desc>highway=unclassified
name=柱17号線
source=YahooJapan/ALPSMAP</desc><link href="http://osm.org/browse/way/128715531"/><trkseg><trkpt lat="34.9206087" lon="137.1714969"/><trkpt lat="34.9211553" lon="137.1707297"/></trkseg></trk><trk><name>柱郷中3号線</name><desc>highway=unclassified
name=柱郷中3号線
source=YahooJapan/ALPSMAP</desc><link href="http://osm.org/browse/way/128715602"/><trkseg><trkpt lat="34.9156924" lon="137.1625028"/><trkpt lat="34.915948" lon="137.162517"/><trkpt lat="34.9161971" lon="137.1625517"/></trkseg></trk><trk><name>way/128715634</name><desc>highway=residential
source=YahooJapan/ALPSMAP; GSI/KIBAN 2500; NARO</desc><link href="http://osm.org/browse/way/128715634"/><trkseg><trkpt lat="34.9194966" lon="137.1664551"/><trkpt lat="34.919843" lon="137.1664365"/><trkpt lat="34.9202277" lon="137.1663951"/></trkseg></trk><trk><name>柱2号線</name><desc>highway=unclassified
name=柱2号線
source=YahooJapan/ALPSMAP</desc><link href="http://osm.org/browse/way/128715663"/><trkseg><trkpt lat="34.9209967" lon="137.1693657"/><trkpt lat="34.9210339" lon="137.1693043"/><trkpt lat="34.9213745" lon="137.1692134"/><trkpt lat="34.9215266" lon="137.1690974"/></trkseg></trk><trk><name>柱13号線</name><desc>highway=unclassified
name=柱13号線
source=YahooJapan/ALPSMAP</desc><link href="http://osm.org/browse/way/128715690"/><trkseg><trkpt lat="34.9200969" lon="137.1677725"/><trkpt lat="34.919569" lon="137.1679861"/></trkseg></trk><trk><name>way/128715883</name><desc>highway=unclassified
source=YahooJapan/ALPSMAP
yh:WIDTH=3.0m〜5.5m</desc><link href="http://osm.org/browse/way/128715883"/><trkseg><trkpt lat="34.9202277" lon="137.1663951"/><trkpt lat="34.9201791" lon="137.1658244"/></trkseg></trk><trk><name>way/128715972</name><desc>highway=unclassified
source=YahooJapan/ALPSMAP; GSI/KIBAN 2500; NARO
yh:WIDTH=3.0m〜5.5m</desc><link href="http://osm.org/browse/way/128715972"/><trkseg><trkpt lat="34.9182705" lon="137.1661952"/><trkpt lat="34.9183365" lon="137.1662747"/><trkpt lat="34.9183894" lon="137.1663263"/></trkseg></trk><trk><name>way/128716071</name><desc>highway=service
service=alley
source=YahooJapan/ALPSMAP</desc><link href="http://osm.org/browse/way/128716071"/><trkseg><trkpt lat="34.921508" lon="137.164151"/><trkpt lat="34.921271" lon="137.164185"/><trkpt lat="34.9211238" lon="137.1642036"/></trkseg></trk><trk><name>way/128716169</name><desc>highway=residential
source=YahooJapan/ALPSMAP</desc><link href="http://osm.org/browse/way/128716169"/><trkseg><trkpt lat="34.9215537" lon="137.1648724"/><trkpt lat="34.921508" lon="137.164151"/></trkseg></trk><trk><name>羽根競馬場線</name><desc>highway=unclassified
name=羽根競馬場線
source=YahooJapan/ALPSMAP</desc><link href="http://osm.org/browse/way/128716179"/><trkseg><trkpt lat="34.9213998" lon="137.1728723"/><trkpt lat="34.9207144" lon="137.1724608"/></trkseg></trk><trk><name>若松13号線</name><desc>highway=residential
name=若松13号線
source=YahooJapan/ALPSMAP</desc><link href="http://osm.org/browse/way/128716338"/><trkseg><trkpt lat="34.9164614" lon="137.1713237"/><trkpt lat="34.916112" lon="137.170328"/></trkseg></trk><trk><name>柱上荒子5号線</name><desc>highway=residential
name=柱上荒子5号線
source=YahooJapan/ALPSMAP</desc><link href="http://osm.org/browse/way/128716356"/><trkseg><trkpt lat="34.9220037" lon="137.1617686"/><trkpt lat="34.9224252" lon="137.1616878"/></trkseg></trk><trk><name>羽根大池鰻池1号線</name><desc>highway=unclassified
name=羽根大池鰻池1号線
source=YahooJapan/ALPSMAP</desc><link href="http://osm.org/browse/way/128716454"/><trkseg><trkpt lat="34.9219403" lon="137.173109"/><trkpt lat="34.9223677" lon="137.1721016"/></trkseg></trk><trk><name>way/128716457</name><desc>highway=unclassified
source=YahooJapan/ALPSMAP; GSI/KIBAN 2500; NARO
yh:WIDTH=3.0m〜5.5m</desc><link href="http://osm.org/browse/way/128716457"/><trkseg><trkpt lat="34.9194966" lon="137.1664551"/><trkpt lat="34.9198078" lon="137.1661571"/><trkpt lat="34.9201791" lon="137.1658244"/></trkseg></trk><trk><name>柱郷中3号線</name><desc>highway=unclassified
name=柱郷中3号線
source=YahooJapan/ALPSMAP;GSI/KIBAN 2500;NARO</desc><link href="http://osm.org/browse/way/128716496"/><trkseg><trkpt lat="34.9183894" lon="137.1663263"/><trkpt lat="34.9185529" lon="137.1664571"/><trkpt lat="34.9187188" lon="137.1665416"/><trkpt lat="34.9187967" lon="137.1665813"/></trkseg></trk><trk><name>羽根道</name><desc>highway=unclassified
name=羽根道
source=YahooJapan/ALPSMAP
yh:WIDTH=3.0m〜5.5m</desc><link href="http://osm.org/browse/way/128716517"/><trkseg><trkpt lat="34.9221597" lon="137.1631978"/><trkpt lat="34.922099" lon="137.16253"/><trkpt lat="34.92209" lon="137.162454"/></trkseg></trk><trk><name>way/128716563</name><desc>highway=unclassified
source=YahooJapan/ALPSMAP
yh:WIDTH=3.0m〜5.5m</desc><link href="http://osm.org/browse/way/128716563"/><trkseg><trkpt lat="34.919205" lon="137.1664342"/><trkpt lat="34.9190267" lon="137.1664135"/><trkpt lat="34.9188305" lon="137.1665561"/></trkseg></trk><trk><name>way/128716589</name><desc>highway=unclassified
source=YahooJapan/ALPSMAP; GSI/KIBAN 2500; NARO
yh:WIDTH=3.0m〜5.5m</desc><link href="http://osm.org/browse/way/128716589"/><trkseg><trkpt lat="34.9202277" lon="137.1663951"/><trkpt lat="34.9202757" lon="137.1669728"/></trkseg></trk><trk><name>way/128716616</name><desc>highway=unclassified
source=YahooJapan/ALPSMAP</desc><link href="http://osm.org/browse/way/128716616"/><trkseg><trkpt lat="34.9191384" lon="137.1716228"/><trkpt lat="34.9186695" lon="137.1716912"/></trkseg></trk><trk><name>way/128716730</name><desc>highway=residential
source=YahooJapan/ALPSMAP</desc><link href="http://osm.org/browse/way/128716730"/><trkseg><trkpt lat="34.9147772" lon="137.1698117"/><trkpt lat="34.914505" lon="137.1694312"/></trkseg></trk><trk><name>way/128716778</name><desc>highway=unclassified
source=YahooJapan/ALPSMAP</desc><link href="http://osm.org/browse/way/128716778"/><trkseg><trkpt lat="34.9211238" lon="137.1642036"/><trkpt lat="34.9210664" lon="137.1632918"/></trkseg></trk><trk><name>way/128716812</name><desc>highway=residential
oneway=yes
source=YahooJapan/ALPSMAP</desc><link href="http://osm.org/browse/way/128716812"/><trkseg><trkpt lat="34.922157" lon="137.163342"/><trkpt lat="34.922291" lon="137.16333"/><trkpt lat="34.92246" lon="137.163323"/></trkseg></trk><trk><name>若松11号線</name><desc>highway=residential
name=若松11号線
source=YahooJapan/ALPSMAP</desc><link href="http://osm.org/browse/way/128716852"/><trkseg><trkpt lat="34.9164808" lon="137.1681068"/><trkpt lat="34.9165863" lon="137.1696428"/><trkpt lat="34.9166138" lon="137.1700982"/></trkseg></trk><trk><name>way/128717002</name><desc>highway=residential
source=YahooJapan/ALPSMAP</desc><link href="http://osm.org/browse/way/128717002"/><trkseg><trkpt lat="34.921708" lon="137.1689879"/><trkpt lat="34.9215266" lon="137.1690974"/></trkseg></trk><trk><name>way/128717080</name><desc>highway=unclassified
source=YahooJapan/ALPSMAP
yh:STRUCTURE=地上
yh:TOTYUMONO=供用中
yh:TYPE=その他一般道
yh:WIDTH=3.0m〜5.5m
yh:WIDTH_RANK=3</desc><link href="http://osm.org/browse/way/128717080"/><trkseg><trkpt lat="34.9166483" lon="137.1718709"/><trkpt lat="34.916837" lon="137.1724188"/></trkseg></trk><trk><name>柱3号線</name><desc>highway=unclassified
name=柱3号線
source=YahooJapan/ALPSMAP</desc><link href="http://osm.org/browse/way/128717082"/><trkseg><trkpt lat="34.920193" lon="137.169285"/><trkpt lat="34.9202904" lon="137.1703273"/></trkseg></trk><trk><name>柱14号線</name><desc>highway=unclassified
name=柱14号線
source=YahooJapan/ALPSMAP</desc><link href="http://osm.org/browse/way/128717465"/><trkseg><trkpt lat="34.9198506" lon="137.1704436"/><trkpt lat="34.9197842" lon="137.1693296"/></trkseg></trk><trk><name>羽根道</name><desc>highway=unclassified
name=羽根道
source=YahooJapan/ALPSMAP</desc><link href="http://osm.org/browse/way/128717576"/><trkseg><trkpt lat="34.92209" lon="137.162454"/><trkpt lat="34.922048" lon="137.162229"/><trkpt lat="34.921969" lon="137.161894"/><trkpt lat="34.9220037" lon="137.1617686"/></trkseg></trk><trk><name>上地柱線</name><desc>highway=tertiary
name=上地柱線
source=YahooJapan/ALPSMAP</desc><link href="http://osm.org/browse/way/128717926"/><trkseg><trkpt lat="34.9210342" lon="137.1719195"/><trkpt lat="34.9206087" lon="137.1714969"/><trkpt lat="34.9204459" lon="137.1713534"/><trkpt lat="34.9202705" lon="137.1712291"/><trkpt lat="34.9200665" lon="137.1711294"/></trkseg></trk><trk><name>若松５号線</name><desc>highway=unclassified
name=若松５号線
source=YahooJapan/ALPSMAP</desc><link href="http://osm.org/browse/way/128718004"/><trkseg><trkpt lat="34.9165863" lon="137.1696428"/><trkpt lat="34.9161788" lon="137.1696752"/></trkseg></trk><trk><name>way/128718103</name><desc>highway=residential
source=YahooJapan/ALPSMAP; GSI/KIBAN 2500; NARO</desc><link href="http://osm.org/browse/way/128718103"/><trkseg><trkpt lat="34.9202277" lon="137.1663951"/><trkpt lat="34.9205214" lon="137.1663644"/><trkpt lat="34.9205025" lon="137.1660767"/><trkpt lat="34.9204587" lon="137.1655558"/></trkseg></trk><trk><name>way/128718311</name><desc>highway=residential
source=YahooJapan/ALPSMAP</desc><link href="http://osm.org/browse/way/128718311"/><trkseg><trkpt lat="34.9150042" lon="137.1722211"/><trkpt lat="34.9142856" lon="137.1710516"/></trkseg></trk><trk><name>way/128718377</name><desc>highway=residential
source=YahooJapan/ALPSMAP</desc><link href="http://osm.org/browse/way/128718377"/><trkseg><trkpt lat="34.9160687" lon="137.1681417"/><trkpt lat="34.9161788" lon="137.1696752"/></trkseg></trk><trk><name>羽根大池4号線</name><desc>highway=unclassified
name=羽根大池4号線
source=YahooJapan/ALPSMAP</desc><link href="http://osm.org/browse/way/128718379"/><trkseg><trkpt lat="34.9217459" lon="137.1717983"/><trkpt lat="34.9213449" lon="137.1714964"/></trkseg></trk><trk><name>柱3号線</name><desc>highway=unclassified
name=柱3号線
source=YahooJapan/ALPSMAP</desc><link href="http://osm.org/browse/way/128718537"/><trkseg><trkpt lat="34.9200665" lon="137.1711294"/><trkpt lat="34.9202276" lon="137.1705498"/></trkseg></trk><trk><name>way/128718705</name><desc>highway=unclassified
source=YahooJapan/ALPSMAP
yh:STRUCTURE=地上
yh:TOTYUMONO=供用中
yh:TYPE=その他一般道
yh:WIDTH=3.0m〜5.5m
yh:WIDTH_RANK=3</desc><link href="http://osm.org/browse/way/128718705"/><trkseg><trkpt lat="34.9191384" lon="137.1716228"/><trkpt lat="34.919412" lon="137.171591"/><trkpt lat="34.919558" lon="137.171597"/><trkpt lat="34.919895" lon="137.171688"/></trkseg></trk><trk><name>柱16号線</name><desc>highway=unclassified
name=柱16号線
source=YahooJapan/ALPSMAP</desc><link href="http://osm.org/browse/way/128718753"/><trkseg><trkpt lat="34.918938" lon="137.1694046"/><trkpt lat="34.9190126" lon="137.1704639"/></trkseg></trk><trk><name>羽根道</name><desc>highway=unclassified
name=羽根道
source=YahooJapan/ALPSMAP
yh:WIDTH=3.0m〜5.5m</desc><link href="http://osm.org/browse/way/128718778"/><trkseg><trkpt lat="34.922195" lon="137.164048"/><trkpt lat="34.922178" lon="137.163706"/><trkpt lat="34.922161" lon="137.163446"/><trkpt lat="34.922157" lon="137.163342"/></trkseg></trk><trk><name>柱4号線</name><desc>highway=unclassified
name=柱4号線
source=YahooJapan/ALPSMAP</desc><link href="http://osm.org/browse/way/128719010"/><trkseg><trkpt lat="34.9193638" lon="137.169369"/><trkpt lat="34.9197842" lon="137.1693296"/></trkseg></trk><trk><name>柱14号線</name><desc>highway=unclassified
name=柱14号線
source=YahooJapan/ALPSMAP</desc><link href="http://osm.org/browse/way/128719016"/><trkseg><trkpt lat="34.919569" lon="137.1679861"/><trkpt lat="34.9197842" lon="137.1693296"/></trkseg></trk><trk><name>若松13号線</name><desc>highway=residential
name=若松13号線
source=YahooJapan/ALPSMAP</desc><link href="http://osm.org/browse/way/128719044"/><trkseg><trkpt lat="34.916112" lon="137.170328"/><trkpt lat="34.9166138" lon="137.1700982"/></trkseg></trk><trk><name>羽根道</name><desc>highway=unclassified
name=羽根道
source=YahooJapan/ALPSMAP</desc><link href="http://osm.org/browse/way/128719380"/><trkseg><trkpt lat="34.9218111" lon="137.160847"/><trkpt lat="34.9218712" lon="137.1612742"/><trkpt lat="34.9219353" lon="137.161593"/><trkpt lat="34.9220037" lon="137.1617686"/></trkseg></trk><trk><name>柱2号線</name><desc>highway=unclassified
name=柱2号線
source=YahooJapan/ALPSMAP</desc><link href="http://osm.org/browse/way/128719409"/><trkseg><trkpt lat="34.9215266" lon="137.1690974"/><trkpt lat="34.9215348" lon="137.1690447"/><trkpt lat="34.9213802" lon="137.1687756"/><trkpt lat="34.9213266" lon="137.167952"/></trkseg></trk><trk><name>way/128719411</name><desc>highway=residential
source=YahooJapan/ALPSMAP</desc><link href="http://osm.org/browse/way/128719411"/><trkseg><trkpt lat="34.914999" lon="137.1689188"/><trkpt lat="34.9151036" lon="137.1685561"/><trkpt lat="34.9150934" lon="137.1682499"/></trkseg></trk><trk><name>way/128719423</name><desc>highway=residential
source=YahooJapan/ALPSMAP</desc><link href="http://osm.org/browse/way/128719423"/><trkseg><trkpt lat="34.9206953" lon="137.1653484"/><trkpt lat="34.9203126" lon="137.1651308"/><trkpt lat="34.9199602" lon="137.1649799"/><trkpt lat="34.9201375" lon="137.1648281"/><trkpt lat="34.9211486" lon="137.1647528"/></trkseg></trk><trk><name>柱15号線</name><desc>highway=unclassified
name=柱15号線
source=YahooJapan/ALPSMAP</desc><link href="http://osm.org/browse/way/128719509"/><trkseg><trkpt lat="34.9194314" lon="137.1704247"/><trkpt lat="34.9193638" lon="137.169369"/></trkseg></trk><trk><name>柱20号線</name><desc>highway=unclassified
name=柱20号線
source=YahooJapan/ALPSMAP</desc><link href="http://osm.org/browse/way/128719517"/><trkseg><trkpt lat="34.9206087" lon="137.1714969"/><trkpt lat="34.920188" lon="137.1721147"/><trkpt lat="34.9201551" lon="137.1723219"/><trkpt lat="34.920138" lon="137.1726123"/><trkpt lat="34.9199633" lon="137.1731235"/><trkpt lat="34.9197588" lon="137.1737047"/></trkseg></trk><trk><name>若松9号線</name><desc>highway=unclassified
name=若松9号線
source=YahooJapan/ALPSMAP</desc><link href="http://osm.org/browse/way/128719627"/><trkseg><trkpt lat="34.9180228" lon="137.1695017"/><trkpt lat="34.9179124" lon="137.1679606"/></trkseg></trk><trk><name>若松11号線</name><desc>highway=unclassified
name=若松11号線
source=YahooJapan/ALPSMAP</desc><link href="http://osm.org/browse/way/128719699"/><trkseg><trkpt lat="34.9166138" lon="137.1700982"/><trkpt lat="34.9168036" lon="137.171139"/></trkseg></trk><trk><name>若松10号線</name><desc>highway=unclassified
name=若松10号線
source=YahooJapan/ALPSMAP</desc><link href="http://osm.org/browse/way/128719894"/><trkseg><trkpt lat="34.9176574" lon="137.1706962"/><trkpt lat="34.9175644" lon="137.1695359"/><trkpt lat="34.9174425" lon="137.1680137"/></trkseg></trk><trk><name>way/128720012</name><desc>highway=unclassified
source=YahooJapan/ALPSMAP</desc><link href="http://osm.org/browse/way/128720012"/><trkseg><trkpt lat="34.9178646" lon="137.1718978"/><trkpt lat="34.9181638" lon="137.173066"/></trkseg></trk><trk><name>柱15号線</name><desc>highway=unclassified
name=柱15号線
source=YahooJapan/ALPSMAP</desc><link href="http://osm.org/browse/way/128720122"/><trkseg><trkpt lat="34.9193638" lon="137.169369"/><trkpt lat="34.9192008" lon="137.1681227"/></trkseg></trk><trk><name>柱2号線</name><desc>highway=unclassified
name=柱2号線
source=YahooJapan/ALPSMAP</desc><link href="http://osm.org/browse/way/128720162"/><trkseg><trkpt lat="34.9209967" lon="137.1693657"/><trkpt lat="34.9209463" lon="137.1697359"/><trkpt lat="34.9209272" lon="137.1697979"/><trkpt lat="34.9206823" lon="137.1701328"/></trkseg></trk><trk><name>若松24号線</name><desc>highway=residential
name=若松24号線
source=YahooJapan/ALPSMAP;GSI/KIBAN 2500;NARO</desc><link href="http://osm.org/browse/way/128720180"/><trkseg><trkpt lat="34.9183541" lon="137.1672769"/><trkpt lat="34.918347" lon="137.1671683"/><trkpt lat="34.9183398" lon="137.1668098"/><trkpt lat="34.9183894" lon="137.1663263"/></trkseg></trk><trk><name>柱郷中3号線</name><desc>highway=unclassified
name=柱郷中3号線
source=YahooJapan/ALPSMAP</desc><link href="http://osm.org/browse/way/128720329"/><trkseg><trkpt lat="34.9176026" lon="137.1647156"/><trkpt lat="34.9173898" lon="137.1639721"/><trkpt lat="34.9172365" lon="137.1635548"/><trkpt lat="34.9171574" lon="137.1632715"/></trkseg></trk><trk><name>way/128720501</name><desc>highway=unclassified
source=YahooJapan/ALPSMAP</desc><link href="http://osm.org/browse/way/128720501"/><trkseg><trkpt lat="34.9195542" lon="137.1729351"/><trkpt lat="34.9197538" lon="137.1721493"/><trkpt lat="34.919895" lon="137.171688"/><trkpt lat="34.9200665" lon="137.1711294"/></trkseg></trk><trk><name>way/128720529</name><desc>highway=unclassified
source=YahooJapan/ALPSMAP</desc><link href="http://osm.org/browse/way/128720529"/><trkseg><trkpt lat="34.9181064" lon="137.1705545"/><trkpt lat="34.9180228" lon="137.1695017"/></trkseg></trk><trk><name>柱16号線</name><desc>highway=unclassified
name=柱16号線
source=YahooJapan/ALPSMAP</desc><link href="http://osm.org/browse/way/128720588"/><trkseg><trkpt lat="34.9188213" lon="137.1682767"/><trkpt lat="34.918938" lon="137.1694046"/></trkseg></trk><trk><name>若松21号線</name><desc>highway=residential
name=若松21号線
source=YahooJapan/ALPSMAP;GSI/KIBAN 2500;NARO</desc><link href="http://osm.org/browse/way/128720681"/><trkseg><trkpt lat="34.9179097" lon="137.1665199"/><trkpt lat="34.9180595" lon="137.166378"/><trkpt lat="34.9182705" lon="137.1661952"/></trkseg></trk><trk><name>way/128720983</name><desc>highway=residential
source=YahooJapan/ALPSMAP</desc><link href="http://osm.org/browse/way/128720983"/><trkseg><trkpt lat="34.9222506" lon="137.1657295"/><trkpt lat="34.9218558" lon="137.1660042"/><trkpt lat="34.9216046" lon="137.1662033"/><trkpt lat="34.921349" lon="137.166268"/><trkpt lat="34.9212946" lon="137.165842"/></trkseg></trk><trk><name>柱郷中3号線</name><desc>highway=unclassified
name=柱郷中3号線
source=YahooJapan/ALPSMAP;GSI/KIBAN 2500;NARO</desc><link href="http://osm.org/browse/way/128721134"/><trkseg><trkpt lat="34.9182705" lon="137.1661952"/><trkpt lat="34.9181195" lon="137.1660164"/><trkpt lat="34.9179308" lon="137.1656933"/><trkpt lat="34.9177992" lon="137.1653398"/><trkpt lat="34.9177392" lon="137.1651574"/><trkpt lat="34.9176026" lon="137.1647156"/></trkseg></trk><trk><name>柱13号線</name><desc>highway=residential
name=柱13号線
source=YahooJapan/ALPSMAP</desc><link href="http://osm.org/browse/way/128721157"/><trkseg><trkpt lat="34.9223224" lon="137.1675254"/><trkpt lat="34.9213059" lon="137.1676171"/></trkseg></trk><trk><name>way/128721272</name><desc>highway=footway
source=YahooJapan/ALPSMAP
surface=asphalt</desc><link href="http://osm.org/browse/way/128721272"/><trkseg><trkpt lat="34.921708" lon="137.1689879"/><trkpt lat="34.9218752" lon="137.169914"/></trkseg></trk><trk><name>若松宮前9号線</name><desc>highway=residential
name=若松宮前9号線
source=YahooJapan/ALPSMAP</desc><link href="http://osm.org/browse/way/128721293"/><trkseg><trkpt lat="34.9166263" lon="137.1620963"/><trkpt lat="34.9168152" lon="137.1617011"/><trkpt lat="34.917052" lon="137.16145"/><trkpt lat="34.9171364" lon="137.1613869"/><trkpt lat="34.9172311" lon="137.1612117"/><trkpt lat="34.9172309" lon="137.1609092"/><trkpt lat="34.917194" lon="137.1603651"/></trkseg></trk><trk><name>way/128721465</name><desc>highway=unclassified
source=YahooJapan/ALPSMAP</desc><link href="http://osm.org/browse/way/128721465"/><trkseg><trkpt lat="34.9218015" lon="137.1632192"/><trkpt lat="34.9216454" lon="137.1623149"/></trkseg></trk><trk><name>若松1号線</name><desc>highway=tertiary
lanes=2
maxspeed=40
name=若松1号線</desc><link href="http://osm.org/browse/way/200861428"/><trkseg><trkpt lat="34.9173126" lon="137.1715195"/><trkpt lat="34.9174511" lon="137.1720909"/><trkpt lat="34.9178576" lon="137.1732407"/></trkseg></trk><trk><name>若松1号線</name><desc>highway=tertiary
lanes=2
maxspeed=40
name=若松1号線</desc><link href="http://osm.org/browse/way/200861429"/><trkseg><trkpt lat="34.9173126" lon="137.1715195"/><trkpt lat="34.917163" lon="137.170955"/></trkseg></trk><trk><name>上地柱線</name><desc>highway=tertiary
lanes=2
maxspeed=40
name=上地柱線</desc><link href="http://osm.org/browse/way/200861430"/><trkseg><trkpt lat="34.918628" lon="137.1710948"/><trkpt lat="34.9183704" lon="137.1711199"/><trkpt lat="34.9181424" lon="137.1711573"/><trkpt lat="34.9178213" lon="137.1712592"/><trkpt lat="34.9173126" lon="137.1715195"/><trkpt lat="34.9166483" lon="137.1718709"/><trkpt lat="34.916422" lon="137.1719823"/><trkpt lat="34.9163091" lon="137.1720382"/><trkpt lat="34.9160986" lon="137.1721498"/><trkpt lat="34.9158572" lon="137.1722753"/><trkpt lat="34.9156464" lon="137.1724071"/><trkpt lat="34.9154534" lon="137.1725357"/><trkpt lat="34.9153267" lon="137.1726508"/></trkseg></trk><trk><name>若松13号線</name><desc>highway=residential
name=若松13号線</desc><link href="http://osm.org/browse/way/200861431"/><trkseg><trkpt lat="34.9164614" lon="137.1713237"/><trkpt lat="34.9166483" lon="137.1718709"/></trkseg></trk><trk><name>若松15号線</name><desc>highway=tertiary
lanes=2
name=若松15号線</desc><link href="http://osm.org/browse/way/200861432"/><trkseg><trkpt lat="34.916422" lon="137.1719823"/><trkpt lat="34.9166268" lon="137.1725379"/></trkseg></trk><trk><name>way/200861436</name><desc>highway=residential</desc><link href="http://osm.org/browse/way/200861436"/><trkseg><trkpt lat="34.9184144" lon="137.1729491"/><trkpt lat="34.9181857" lon="137.1717609"/></trkseg></trk><trk><name>way/200861437</name><desc>highway=residential</desc><link href="http://osm.org/browse/way/200861437"/><trkseg><trkpt lat="34.9186695" lon="137.1716912"/><trkpt lat="34.9181857" lon="137.1717609"/><trkpt lat="34.9178646" lon="137.1718978"/><trkpt lat="34.9174511" lon="137.1720909"/></trkseg></trk><trk><name>若松5号線</name><desc>highway=tertiary
lanes=2
name=若松5号線</desc><link href="http://osm.org/browse/way/200861438"/><trkseg><trkpt lat="34.9185113" lon="137.1694523"/><trkpt lat="34.9180228" lon="137.1695017"/></trkseg></trk><trk><name>way/200861440</name><desc>highway=residential</desc><link href="http://osm.org/browse/way/200861440"/><trkseg><trkpt lat="34.9185738" lon="137.1705129"/><trkpt lat="34.9190126" lon="137.1704639"/></trkseg></trk><trk><name>way/200861441</name><desc>highway=residential</desc><link href="http://osm.org/browse/way/200861441"/><trkseg><trkpt lat="34.9181064" lon="137.1705545"/><trkpt lat="34.9185738" lon="137.1705129"/></trkseg></trk><trk><name>上地柱線</name><desc>highway=tertiary
lanes=2
maxspeed=40
name=上地柱線</desc><link href="http://osm.org/browse/way/200861442"/><trkseg><trkpt lat="34.918628" lon="137.1710948"/><trkpt lat="34.9192941" lon="137.1710421"/><trkpt lat="34.9196755" lon="137.1710237"/><trkpt lat="34.9200665" lon="137.1711294"/></trkseg></trk><trk><name>柱44号線</name><desc>highway=residential
name=柱44号線</desc><link href="http://osm.org/browse/way/200861443"/><trkseg><trkpt lat="34.9188103" lon="137.1672361"/><trkpt lat="34.9188213" lon="137.1674828"/><trkpt lat="34.9188213" lon="137.1682767"/></trkseg></trk><trk><name>柱13号線</name><desc>highway=residential
name=柱13号線</desc><link href="http://osm.org/browse/way/200861444"/><trkseg><trkpt lat="34.9188213" lon="137.1682767"/><trkpt lat="34.9184396" lon="137.1684359"/></trkseg></trk><trk><name>若松2号線</name><desc>highway=tertiary
lanes=2
maxspeed=40
name=若松2号線</desc><link href="http://osm.org/browse/way/200861445"/><trkseg><trkpt lat="34.9184048" lon="137.1679129"/><trkpt lat="34.9184396" lon="137.1684359"/></trkseg></trk><trk><name>若松2号線</name><desc>highway=tertiary
lanes=2
maxspeed=40
name=若松2号線</desc><link href="http://osm.org/browse/way/200861446"/><trkseg><trkpt lat="34.9184396" lon="137.1684359"/><trkpt lat="34.9185113" lon="137.1694523"/><trkpt lat="34.9185738" lon="137.1705129"/><trkpt lat="34.918628" lon="137.1710948"/><trkpt lat="34.9186695" lon="137.1716912"/><trkpt lat="34.9187575" lon="137.172756"/><trkpt lat="34.9188191" lon="137.1729464"/><trkpt lat="34.9189092" lon="137.1731422"/><trkpt lat="34.9190878" lon="137.1733728"/></trkseg></trk><trk><name>柱4号線</name><desc>highway=tertiary
lanes=2
name=柱4号線</desc><link href="http://osm.org/browse/way/200861447"/><trkseg><trkpt lat="34.9185113" lon="137.1694523"/><trkpt lat="34.918938" lon="137.1694046"/></trkseg></trk><trk><name>柱3号線</name><desc>highway=tertiary
lanes=2
name=柱3号線</desc><link href="http://osm.org/browse/way/200861448"/><trkseg><trkpt lat="34.9200969" lon="137.1677725"/><trkpt lat="34.920193" lon="137.169285"/></trkseg></trk><trk><name>柱3号線</name><desc>highway=unclassified
name=柱3号線</desc><link href="http://osm.org/browse/way/200861449"/><trkseg><trkpt lat="34.9200969" lon="137.1677725"/><trkpt lat="34.9200707" lon="137.1673462"/><trkpt lat="34.9200595" lon="137.1671046"/></trkseg></trk><trk><name>柱48号線</name><desc>highway=residential
name=柱48号線</desc><link href="http://osm.org/browse/way/200861450"/><trkseg><trkpt lat="34.9200707" lon="137.1673462"/><trkpt lat="34.9195558" lon="137.1673996"/><trkpt lat="34.9188213" lon="137.1674828"/></trkseg></trk><trk><name>柱42号線</name><desc>highway=residential
name=柱42号線</desc><link href="http://osm.org/browse/way/200861451"/><trkseg><trkpt lat="34.9195558" lon="137.1673996"/><trkpt lat="34.919569" lon="137.1679861"/></trkseg></trk><trk><name>柱郷中3号線</name><desc>highway=residential
name=柱郷中3号線
source=GSI/KIBAN 2500;NARO</desc><link href="http://osm.org/browse/way/200861452"/><trkseg><trkpt lat="34.9188354" lon="137.1671058"/><trkpt lat="34.9187967" lon="137.1665813"/></trkseg></trk><trk><name>柱2号線</name><desc>highway=tertiary
lanes=2
name=柱2号線</desc><link href="http://osm.org/browse/way/200861453"/><trkseg><trkpt lat="34.9212562" lon="137.1669785"/><trkpt lat="34.9213059" lon="137.1676171"/><trkpt lat="34.9213266" lon="137.167952"/></trkseg></trk><trk><name>柱13号線</name><desc>highway=residential
name=柱13号線</desc><link href="http://osm.org/browse/way/200861454"/><trkseg><trkpt lat="34.9213059" lon="137.1676171"/><trkpt lat="34.9200969" lon="137.1677725"/></trkseg></trk><trk><name>way/200900911</name><desc>bicycle=yes
foot=yes
highway=footway</desc><link href="http://osm.org/browse/way/200900911"/><trkseg><trkpt lat="34.9141652" lon="137.1704876"/><trkpt lat="34.9143521" lon="137.1708624"/><trkpt lat="34.9148514" lon="137.1715946"/><trkpt lat="34.9151634" lon="137.1720525"/><trkpt lat="34.9154534" lon="137.1725357"/></trkseg></trk><trk><name>way/200900913</name><desc>bicycle=yes
foot=yes
highway=footway</desc><link href="http://osm.org/browse/way/200900913"/><trkseg><trkpt lat="34.9151634" lon="137.1720525"/><trkpt lat="34.9150042" lon="137.1722211"/></trkseg></trk><trk><name>way/200900914</name><desc>highway=residential</desc><link href="http://osm.org/browse/way/200900914"/><trkseg><trkpt lat="34.9150042" lon="137.1722211"/><trkpt lat="34.9153267" lon="137.1726508"/></trkseg></trk><trk><name>way/200900921</name><desc>bicycle=yes
foot=yes
highway=footway</desc><link href="http://osm.org/browse/way/200900921"/><trkseg><trkpt lat="34.9162282" lon="137.1714417"/><trkpt lat="34.9164614" lon="137.1713237"/></trkseg></trk><trk><name>way/200900922</name><desc>bicycle=yes
foot=yes
highway=footway</desc><link href="http://osm.org/browse/way/200900922"/><trkseg><trkpt lat="34.915795" lon="137.1704627"/><trkpt lat="34.916112" lon="137.170328"/></trkseg></trk><trk><name>way/200900923</name><desc>highway=steps</desc><link href="http://osm.org/browse/way/200900923"/><trkseg><trkpt lat="34.915795" lon="137.1704627"/><trkpt lat="34.9157004" lon="137.1705459"/></trkseg></trk><trk><name>若松3号線</name><desc>highway=tertiary
lanes=2
name=若松3号線</desc><link href="http://osm.org/browse/way/200900924"/><trkseg><trkpt lat="34.9155834" lon="137.1681955"/><trkpt lat="34.9155948" lon="137.1685557"/><trkpt lat="34.9155244" lon="137.1689231"/><trkpt lat="34.9154013" lon="137.1691914"/><trkpt lat="34.9150098" lon="137.1695856"/><trkpt lat="34.9147772" lon="137.1698117"/><trkpt lat="34.9143998" lon="137.1702274"/><trkpt lat="34.9143258" lon="137.1703109"/></trkseg></trk><trk><name>way/200900927</name><desc>bicycle=yes
foot=yes
highway=footway</desc><link href="http://osm.org/browse/way/200900927"/><trkseg><trkpt lat="34.916422" lon="137.1719823"/><trkpt lat="34.9162282" lon="137.1714417"/><trkpt lat="34.9160897" lon="137.171034"/><trkpt lat="34.9159995" lon="137.1708114"/><trkpt lat="34.9159115" lon="137.1706532"/><trkpt lat="34.915795" lon="137.1704627"/><trkpt lat="34.9156696" lon="137.1702642"/><trkpt lat="34.9155112" lon="137.1700497"/><trkpt lat="34.9153001" lon="137.1698378"/><trkpt lat="34.9151088" lon="137.1696956"/><trkpt lat="34.9150098" lon="137.1695856"/></trkseg></trk><trk><name>若松5号線</name><desc>highway=tertiary
lanes=2
name=若松5号線</desc><link href="http://osm.org/browse/way/200908504"/><trkseg><trkpt lat="34.9154013" lon="137.1691914"/><trkpt lat="34.9161788" lon="137.1696752"/></trkseg></trk><trk><name>若松5号線</name><desc>highway=residential
name=若松5号線</desc><link href="http://osm.org/browse/way/200908505"/><trkseg><trkpt lat="34.9154013" lon="137.1691914"/><trkpt lat="34.914999" lon="137.1689188"/></trkseg></trk><trk><name>若松3号線</name><desc>highway=tertiary
lanes=2
name=若松3号線</desc><link href="http://osm.org/browse/way/200908506"/><trkseg><trkpt lat="34.9155834" lon="137.1681955"/><trkpt lat="34.9155445" lon="137.1675479"/><trkpt lat="34.9155404" lon="137.1674273"/></trkseg></trk><trk><name>若松4号線</name><desc>highway=tertiary
lanes=2
name=若松4号線</desc><link href="http://osm.org/browse/way/200908508"/><trkseg><trkpt lat="34.9155834" lon="137.1681955"/><trkpt lat="34.9150934" lon="137.1682499"/><trkpt lat="34.9146221" lon="137.1682955"/><trkpt lat="34.9139849" lon="137.1683572"/></trkseg></trk><trk><name>way/200908510</name><desc>highway=steps</desc><link href="http://osm.org/browse/way/200908510"/><trkseg><trkpt lat="34.9162392" lon="137.1718816"/><trkpt lat="34.916422" lon="137.1719823"/></trkseg></trk><trk><name>way/200908511</name><desc>foot=yes
highway=footway</desc><link href="http://osm.org/browse/way/200908511"/><trkseg><trkpt lat="34.9162392" lon="137.1718816"/><trkpt lat="34.9160919" lon="137.1713666"/><trkpt lat="34.9159225" lon="137.171195"/><trkpt lat="34.9158851" lon="137.1711494"/><trkpt lat="34.9158434" lon="137.1710823"/><trkpt lat="34.9158258" lon="137.1710126"/><trkpt lat="34.9158082" lon="137.1709348"/><trkpt lat="34.9157686" lon="137.1708356"/><trkpt lat="34.9155486" lon="137.1704064"/><trkpt lat="34.9154387" lon="137.1702267"/><trkpt lat="34.9153287" lon="137.1700926"/><trkpt lat="34.9150846" lon="137.1698539"/></trkseg></trk><trk><name>way/200908512</name><desc>highway=steps</desc><link href="http://osm.org/browse/way/200908512"/><trkseg><trkpt lat="34.9150846" lon="137.1698539"/><trkpt lat="34.9151088" lon="137.1696956"/></trkseg></trk><trk><name>way/200908516</name><desc>highway=steps</desc><link href="http://osm.org/browse/way/200908516"/><trkseg><trkpt lat="34.9160986" lon="137.1721498"/><trkpt lat="34.9160347" lon="137.1719701"/></trkseg></trk><trk><name>way/200908517</name><desc>foot=yes
highway=footway</desc><link href="http://osm.org/browse/way/200908517"/><trkseg><trkpt lat="34.9160347" lon="137.1719701"/><trkpt lat="34.9162392" lon="137.1718816"/></trkseg></trk><trk><name>way/200908518</name><desc>foot=yes
highway=footway</desc><link href="http://osm.org/browse/way/200908518"/><trkseg><trkpt lat="34.9159555" lon="137.1720077"/><trkpt lat="34.9160347" lon="137.1719701"/></trkseg></trk><trk><name>way/200927858</name><desc>foot=yes
highway=footway</desc><link href="http://osm.org/browse/way/200927858"/><trkseg><trkpt lat="34.9148822" lon="137.1647067"/><trkpt lat="34.9146249" lon="137.1646718"/><trkpt lat="34.9145633" lon="137.1646155"/><trkpt lat="34.9145303" lon="137.1645538"/><trkpt lat="34.9144665" lon="137.164527"/><trkpt lat="34.9144159" lon="137.1645243"/><trkpt lat="34.9140112" lon="137.1644868"/></trkseg></trk><trk><name>way/200927862</name><desc>highway=steps</desc><link href="http://osm.org/browse/way/200927862"/><trkseg><trkpt lat="34.9148514" lon="137.1652566"/><trkpt lat="34.9147942" lon="137.1652539"/></trkseg></trk><trk><name>way/200927865</name><desc>highway=footway</desc><link href="http://osm.org/browse/way/200927865"/><trkseg><trkpt lat="34.9149504" lon="137.1648435"/><trkpt lat="34.9148822" lon="137.1647067"/></trkseg></trk><trk><name>way/200927867</name><desc>highway=footway</desc><link href="http://osm.org/browse/way/200927867"/><trkseg><trkpt lat="34.9148822" lon="137.1647067"/><trkpt lat="34.9144448" lon="137.1640727"/><trkpt lat="34.9144426" lon="137.1640036"/></trkseg></trk><trk><name>way/200927875</name><desc>highway=steps</desc><link href="http://osm.org/browse/way/200927875"/><trkseg><trkpt lat="34.9152297" lon="137.165793"/><trkpt lat="34.9151637" lon="137.165793"/></trkseg></trk><trk><name>way/200927877</name><desc>foot=yes
highway=footway</desc><link href="http://osm.org/browse/way/200927877"/><trkseg><trkpt lat="34.9151637" lon="137.165793"/><trkpt lat="34.9152119" lon="137.1662835"/><trkpt lat="34.9152158" lon="137.1663233"/><trkpt lat="34.915222" lon="137.1664317"/><trkpt lat="34.9153615" lon="137.1664782"/><trkpt lat="34.9154879" lon="137.1665718"/><trkpt lat="34.9155171" lon="137.1666419"/><trkpt lat="34.9155672" lon="137.1668028"/><trkpt lat="34.9155873" lon="137.1670164"/><trkpt lat="34.9156002" lon="137.167306"/></trkseg></trk><trk><name>way/200927878</name><desc>foot=yes
highway=footway</desc><link href="http://osm.org/browse/way/200927878"/><trkseg><trkpt lat="34.9151637" lon="137.165793"/><trkpt lat="34.9151615" lon="137.1656374"/><trkpt lat="34.9149731" lon="137.1656205"/><trkpt lat="34.9148301" lon="137.1656106"/></trkseg></trk><trk><name>way/200927880</name><desc>foot=yes
highway=footway</desc><link href="http://osm.org/browse/way/200927880"/><trkseg><trkpt lat="34.9148301" lon="137.1656106"/><trkpt lat="34.9148138" lon="137.1658451"/><trkpt lat="34.914797" lon="137.1661011"/><trkpt lat="34.9147304" lon="137.1664668"/><trkpt lat="34.9147927" lon="137.1667586"/></trkseg></trk><trk><name>way/200927882</name><desc>foot=yes
highway=footway</desc><link href="http://osm.org/browse/way/200927882"/><trkseg><trkpt lat="34.9148301" lon="137.1656106"/><trkpt lat="34.9148574" lon="137.1654498"/><trkpt lat="34.9148552" lon="137.165378"/><trkpt lat="34.9148514" lon="137.1652566"/><trkpt lat="34.9148646" lon="137.1651359"/><trkpt lat="34.9148998" lon="137.1649964"/><trkpt lat="34.9149312" lon="137.1649014"/><trkpt lat="34.9149504" lon="137.1648435"/></trkseg></trk><trk><name>way/200927886</name><desc>highway=path</desc><link href="http://osm.org/browse/way/200927886"/><trkseg><trkpt lat="34.91633" lon="137.1659667"/><trkpt lat="34.9160692" lon="137.1660831"/></trkseg></trk><trk><name>way/200927888</name><desc>highway=path</desc><link href="http://osm.org/browse/way/200927888"/><trkseg><trkpt lat="34.9160692" lon="137.1660831"/><trkpt lat="34.915971" lon="137.1660793"/><trkpt lat="34.9158132" lon="137.1660884"/><trkpt lat="34.9157444" lon="137.1661005"/><trkpt lat="34.9156212" lon="137.1661304"/><trkpt lat="34.9155644" lon="137.1662726"/><trkpt lat="34.9155266" lon="137.166299"/><trkpt lat="34.9154937" lon="137.1664357"/><trkpt lat="34.9154882" lon="137.1661629"/><trkpt lat="34.9154718" lon="137.1659059"/></trkseg></trk><trk><name>way/200927889</name><desc>highway=path</desc><link href="http://osm.org/browse/way/200927889"/><trkseg><trkpt lat="34.9154718" lon="137.1659059"/><trkpt lat="34.9154497" lon="137.1657099"/><trkpt lat="34.9154497" lon="137.165624"/></trkseg></trk><trk><name>way/200927890</name><desc>highway=path</desc><link href="http://osm.org/browse/way/200927890"/><trkseg><trkpt lat="34.9154718" lon="137.1659059"/><trkpt lat="34.9153815" lon="137.1657125"/><trkpt lat="34.9152297" lon="137.165793"/></trkseg></trk><trk><name>way/200927891</name><desc>highway=steps</desc><link href="http://osm.org/browse/way/200927891"/><trkseg><trkpt lat="34.9153815" lon="137.1657125"/><trkpt lat="34.9154497" lon="137.1657099"/></trkseg></trk><trk><name>若松1号線</name><desc>highway=tertiary
lanes=2
name=若松1号線
source=YahooJapan/ALPSMAP</desc><link href="http://osm.org/browse/way/200927894"/><trkseg><trkpt lat="34.9168934" lon="137.1673006"/><trkpt lat="34.9169017" lon="137.1674199"/><trkpt lat="34.9169675" lon="137.1680546"/><trkpt lat="34.9170585" lon="137.1695916"/><trkpt lat="34.917163" lon="137.170955"/></trkseg></trk><trk><name>若松21号線</name><desc>highway=residential
name=若松21号線
source=GSI/KIBAN 2500;NARO</desc><link href="http://osm.org/browse/way/200927895"/><trkseg><trkpt lat="34.9176473" lon="137.1665467"/><trkpt lat="34.9179097" lon="137.1665199"/></trkseg></trk><trk><name>way/200927896</name><desc>highway=service</desc><link href="http://osm.org/browse/way/200927896"/><trkseg><trkpt lat="34.9176473" lon="137.1665467"/><trkpt lat="34.9176387" lon="137.1664617"/><trkpt lat="34.9175655" lon="137.1663235"/></trkseg></trk><trk><name>way/200927897</name><desc>highway=path</desc><link href="http://osm.org/browse/way/200927897"/><trkseg><trkpt lat="34.9170306" lon="137.1657663"/><trkpt lat="34.9170877" lon="137.165904"/><trkpt lat="34.9173625" lon="137.1660137"/><trkpt lat="34.9173831" lon="137.1660465"/></trkseg></trk><trk><name>way/200927898</name><desc>highway=path</desc><link href="http://osm.org/browse/way/200927898"/><trkseg><trkpt lat="34.9174731" lon="137.16619"/><trkpt lat="34.9174247" lon="137.1662087"/><trkpt lat="34.9173587" lon="137.1662034"/><trkpt lat="34.917229" lon="137.1661873"/><trkpt lat="34.9170376" lon="137.1661685"/><trkpt lat="34.9169019" lon="137.1661342"/><trkpt lat="34.9168013" lon="137.1661265"/><trkpt lat="34.9166614" lon="137.1661421"/><trkpt lat="34.9164804" lon="137.1661902"/><trkpt lat="34.9163004" lon="137.1661999"/><trkpt lat="34.9161928" lon="137.1661691"/><trkpt lat="34.9160692" lon="137.1660831"/></trkseg></trk><trk><name>way/200927903</name><desc>highway=residential</desc><link href="http://osm.org/browse/way/200927903"/><trkseg><trkpt lat="34.9151144" lon="137.1668176"/><trkpt lat="34.9151635" lon="137.1674745"/></trkseg></trk><trk><name>way/200927906</name><desc>highway=service
lanes=2</desc><link href="http://osm.org/browse/way/200927906"/><trkseg><trkpt lat="34.9155404" lon="137.1674273"/><trkpt lat="34.9155074" lon="137.1670649"/><trkpt lat="34.9154895" lon="137.1667747"/><trkpt lat="34.9154785" lon="137.1666493"/><trkpt lat="34.9153675" lon="137.1665594"/><trkpt lat="34.9151965" lon="137.1665509"/></trkseg></trk><trk><name>若松21号線</name><desc>highway=residential
name=若松21号線
source=GSI/KIBAN 2500;NARO;GSI/KIBAN 2500;NARO</desc><link href="http://osm.org/browse/way/200927907"/><trkseg><trkpt lat="34.915833" lon="137.1673977"/><trkpt lat="34.9157981" lon="137.166732"/><trkpt lat="34.9168345" lon="137.1666316"/><trkpt lat="34.9176473" lon="137.1665467"/></trkseg></trk><trk><name>way/200927908</name><desc>highway=residential
source=GSI/KIBAN 2500; NARO; GSI/KIBAN 2500; NARO</desc><link href="http://osm.org/browse/way/200927908"/><trkseg><trkpt lat="34.9168345" lon="137.1666316"/><trkpt lat="34.9168934" lon="137.1673006"/></trkseg></trk><trk><name>way/200927910</name><desc>highway=residential</desc><link href="http://osm.org/browse/way/200927910"/><trkseg><trkpt lat="34.9130775" lon="137.1670024"/><trkpt lat="34.9139063" lon="137.1669365"/><trkpt lat="34.9151144" lon="137.1668176"/><trkpt lat="34.9151957" lon="137.1668096"/><trkpt lat="34.9154895" lon="137.1667747"/></trkseg></trk><trk><name>way/200934242</name><desc>foot=yes
highway=footway</desc><link href="http://osm.org/browse/way/200934242"/><trkseg><trkpt lat="34.9141328" lon="137.1659258"/><trkpt lat="34.9145496" lon="137.1660156"/><trkpt lat="34.9145683" lon="137.1660333"/><trkpt lat="34.9145895" lon="137.1660413"/><trkpt lat="34.9146519" lon="137.1660532"/></trkseg></trk><trk><name>way/200934244</name><desc>foot=yes
highway=footway</desc><link href="http://osm.org/browse/way/200934244"/><trkseg><trkpt lat="34.9146519" lon="137.1660532"/><trkpt lat="34.9146411" lon="137.1661069"/><trkpt lat="34.9146046" lon="137.1662879"/></trkseg></trk><trk><name>way/200934251</name><desc>highway=service</desc><link href="http://osm.org/browse/way/200934251"/><trkseg><trkpt lat="34.9141933" lon="137.1652445"/><trkpt lat="34.9143699" lon="137.1653228"/><trkpt lat="34.9146258" lon="137.1654252"/><trkpt lat="34.9146499" lon="137.1654676"/><trkpt lat="34.9146569" lon="137.1655273"/><trkpt lat="34.9146304" lon="137.1657483"/></trkseg></trk><trk><name>way/200934267</name><desc>highway=service</desc><link href="http://osm.org/browse/way/200934267"/><trkseg><trkpt lat="34.9145916" lon="137.1659833"/><trkpt lat="34.9146304" lon="137.1657483"/></trkseg></trk><trk><name>way/200934272</name><desc>foot=yes
highway=footway</desc><link href="http://osm.org/browse/way/200934272"/><trkseg><trkpt lat="34.9151957" lon="137.1668096"/><trkpt lat="34.9151864" lon="137.1667345"/><trkpt lat="34.9147927" lon="137.1667586"/></trkseg></trk><trk><name>way/274205521</name><desc>highway=residential</desc><link href="http://osm.org/browse/way/274205521"/><trkseg><trkpt lat="34.9212294" lon="137.1654791"/><trkpt lat="34.9217024" lon="137.165339"/><trkpt lat="34.9217775" lon="137.1656857"/></trkseg></trk><trk><name>way/274205522</name><desc>highway=unclassified</desc><link href="http://osm.org/browse/way/274205522"/><trkseg><trkpt lat="34.9209115" lon="137.165922"/><trkpt lat="34.9209723" lon="137.1669094"/></trkseg></trk><trk><name>way/274205523</name><desc>highway=unclassified
source=GSI/KIBAN 2500; NARO</desc><link href="http://osm.org/browse/way/274205523"/><trkseg><trkpt lat="34.9212946" lon="137.165842"/><trkpt lat="34.9209115" lon="137.165922"/><trkpt lat="34.9208864" lon="137.1657592"/><trkpt lat="34.9206953" lon="137.1653484"/></trkseg></trk><trk><name>way/324108437</name><desc>highway=unclassified
source=YahooJapan/ALPSMAP</desc><link href="http://osm.org/browse/way/324108437"/><trkseg><trkpt lat="34.9199633" lon="137.1731235"/><trkpt lat="34.9195542" lon="137.1729351"/><trkpt lat="34.9193364" lon="137.1728225"/><trkpt lat="34.9191996" lon="137.172609"/><trkpt lat="34.9191681" lon="137.1721016"/><trkpt lat="34.9191384" lon="137.1716228"/></trkseg></trk><trk><name>緑ヶ丘通り</name><desc>highway=secondary
lanes=2
loc_name=緑ヶ丘通り
maxspeed=40
name=緑ヶ丘通り
name:en=Midorigaoka Dori Avenue
official_name=桑谷柱線
ref=326
source=YahooJapan/ALPSMAP
surface=paved</desc><link href="http://osm.org/browse/way/379462062"/><trkseg><trkpt lat="34.917166" lon="137.1912018"/><trkpt lat="34.9172561" lon="137.1905074"/><trkpt lat="34.9173642" lon="137.1898363"/><trkpt lat="34.9175124" lon="137.1886765"/><trkpt lat="34.9176746" lon="137.1875055"/><trkpt lat="34.9177207" lon="137.1871783"/><trkpt lat="34.9179019" lon="137.1859503"/><trkpt lat="34.917955" lon="137.1855628"/><trkpt lat="34.9181221" lon="137.1844161"/><trkpt lat="34.9183566" lon="137.1827424"/><trkpt lat="34.918592" lon="137.1810078"/><trkpt lat="34.9188397" lon="137.1793852"/><trkpt lat="34.9189328" lon="137.1787015"/><trkpt lat="34.918958" lon="137.1785648"/><trkpt lat="34.9190474" lon="137.1779007"/><trkpt lat="34.9192493" lon="137.1768049"/><trkpt lat="34.9194662" lon="137.1761251"/><trkpt lat="34.919801" lon="137.1750518"/><trkpt lat="34.9199415" lon="137.1746466"/><trkpt lat="34.9201971" lon="137.1739098"/><trkpt lat="34.9207144" lon="137.1724608"/><trkpt lat="34.9208526" lon="137.1722177"/><trkpt lat="34.9210342" lon="137.1719195"/><trkpt lat="34.9213449" lon="137.1714964"/><trkpt lat="34.9220964" lon="137.1703732"/><trkpt lat="34.9222217" lon="137.1701594"/><trkpt lat="34.9228711" lon="137.1691923"/><trkpt lat="34.923195" lon="137.1686175"/><trkpt lat="34.923329" lon="137.1682823"/><trkpt lat="34.9234543" lon="137.1679231"/><trkpt lat="34.9235297" lon="137.1676638"/><trkpt lat="34.9235821" lon="137.1673788"/><trkpt lat="34.9236017" lon="137.1667356"/></trkseg></trk><trk><name>柱17号線</name><desc>highway=unclassified
name=柱17号線</desc><link href="http://osm.org/browse/way/435629506"/><trkseg><trkpt lat="34.9218752" lon="137.169914"/><trkpt lat="34.9222217" lon="137.1701594"/></trkseg></trk><trk><name>柱24号線</name><desc>highway=residential
name=柱24号線</desc><link href="http://osm.org/browse/way/435629527"/><trkseg><trkpt lat="34.9191681" lon="137.1721016"/><trkpt lat="34.9197538" lon="137.1721493"/><trkpt lat="34.9201551" lon="137.1723219"/></trkseg></trk><trk><name>way/435629530</name><desc>highway=residential</desc><link href="http://osm.org/browse/way/435629530"/><trkseg><trkpt lat="34.9146221" lon="137.1682955"/><trkpt lat="34.9147165" lon="137.1687088"/><trkpt lat="34.9143016" lon="137.1690113"/></trkseg></trk><trk><name>国道248号</name><desc>highway=trunk
lanes=2
maxspeed=60
name=国道248号
name:en=National Highway Route 248
name:ja=国道248号
oneway=yes
ref=248
source=GSI/KIBAN 2500;NARO
surface=paved</desc><link href="http://osm.org/browse/way/435752434"/><trkseg><trkpt lat="34.9411782" lon="137.1623461"/><trkpt lat="34.9410741" lon="137.1625148"/><trkpt lat="34.940857" lon="137.1629143"/><trkpt lat="34.9407893" lon="137.1630257"/><trkpt lat="34.9404719" lon="137.1635439"/><trkpt lat="34.9401639" lon="137.1640623"/><trkpt lat="34.9394577" lon="137.165223"/><trkpt lat="34.93915" lon="137.1655723"/><trkpt lat="34.9389715" lon="137.1657523"/><trkpt lat="34.9387674" lon="137.1659029"/><trkpt lat="34.9386855" lon="137.1659752"/><trkpt lat="34.9385156" lon="137.166083"/><trkpt lat="34.9382085" lon="137.1662297"/><trkpt lat="34.9378844" lon="137.1663194"/><trkpt lat="34.9377896" lon="137.1663332"/><trkpt lat="34.9376924" lon="137.1663469"/><trkpt lat="34.9374829" lon="137.1663558"/><trkpt lat="34.9364934" lon="137.1663926"/><trkpt lat="34.9351946" lon="137.1664061"/><trkpt lat="34.934722" lon="137.1664081"/><trkpt lat="34.9332676" lon="137.1664053"/><trkpt lat="34.9323338" lon="137.16643"/><trkpt lat="34.9315192" lon="137.1664313"/><trkpt lat="34.9307171" lon="137.166455"/><trkpt lat="34.9303501" lon="137.1664534"/><trkpt lat="34.929815" lon="137.166447"/><trkpt lat="34.9289279" lon="137.1664598"/><trkpt lat="34.928346" lon="137.1664657"/><trkpt lat="34.9271135" lon="137.1664802"/><trkpt lat="34.9265043" lon="137.1665135"/><trkpt lat="34.9262865" lon="137.1665254"/><trkpt lat="34.9256583" lon="137.1665441"/><trkpt lat="34.9249475" lon="137.1666103"/><trkpt lat="34.9242802" lon="137.1666714"/><trkpt lat="34.9236017" lon="137.1667356"/><trkpt lat="34.922294" lon="137.1668805"/><trkpt lat="34.9212562" lon="137.1669785"/><trkpt lat="34.9206379" lon="137.1670536"/><trkpt lat="34.9200595" lon="137.1671046"/><trkpt lat="34.9195273" lon="137.1671636"/><trkpt lat="34.9188103" lon="137.1672361"/><trkpt lat="34.9183541" lon="137.1672769"/><trkpt lat="34.9176988" lon="137.1673483"/><trkpt lat="34.9169017" lon="137.1674199"/><trkpt lat="34.9155445" lon="137.1675479"/><trkpt lat="34.9147068" lon="137.1676435"/><trkpt lat="34.9139484" lon="137.1677196"/><trkpt lat="34.9133408" lon="137.1677841"/><trkpt lat="34.9130038" lon="137.1678216"/><trkpt lat="34.9128106" lon="137.1678716"/><trkpt lat="34.9126202" lon="137.1679437"/><trkpt lat="34.9123493" lon="137.1680578"/><trkpt lat="34.9120426" lon="137.1682151"/><trkpt lat="34.9117517" lon="137.1684052"/><trkpt lat="34.9115356" lon="137.1685698"/><trkpt lat="34.9113286" lon="137.1687565"/><trkpt lat="34.9110197" lon="137.1690631"/><trkpt lat="34.9103719" lon="137.1697187"/><trkpt lat="34.9101591" lon="137.1699134"/><trkpt lat="34.9101256" lon="137.169944"/><trkpt lat="34.9100185" lon="137.1700479"/><trkpt lat="34.9099137" lon="137.1701741"/><trkpt lat="34.909786" lon="137.1703114"/><trkpt lat="34.9096765" lon="137.1704304"/><trkpt lat="34.9095242" lon="137.1705697"/><trkpt lat="34.909314" lon="137.1707834"/><trkpt lat="34.9090487" lon="137.1710362"/><trkpt lat="34.9089053" lon="137.1711614"/><trkpt lat="34.9086831" lon="137.1713264"/><trkpt lat="34.9086752" lon="137.171332"/><trkpt lat="34.908428" lon="137.1715184"/><trkpt lat="34.9082418" lon="137.1716149"/><trkpt lat="34.9079679" lon="137.1717458"/><trkpt lat="34.9076242" lon="137.1718837"/><trkpt lat="34.9070233" lon="137.1721151"/><trkpt lat="34.9060237" lon="137.1725035"/><trkpt lat="34.9058179" lon="137.1725932"/><trkpt lat="34.9051836" lon="137.1728593"/><trkpt lat="34.9051485" lon="137.1728757"/><trkpt lat="34.9049997" lon="137.1729517"/></trkseg></trk><trk><name>way/464034785</name><desc>highway=tertiary</desc><link href="http://osm.org/browse/way/464034785"/><trkseg><trkpt lat="34.920813" lon="137.1590331"/><trkpt lat="34.9207826" lon="137.1596575"/><trkpt lat="34.9207599" lon="137.1598834"/><trkpt lat="34.9207237" lon="137.1600953"/><trkpt lat="34.9206517" lon="137.1603216"/><trkpt lat="34.9205486" lon="137.1605462"/><trkpt lat="34.9204318" lon="137.1607263"/><trkpt lat="34.920377" lon="137.1607978"/><trkpt lat="34.9202685" lon="137.1609137"/><trkpt lat="34.9201415" lon="137.1610164"/><trkpt lat="34.9200084" lon="137.1611131"/><trkpt lat="34.9198898" lon="137.161175"/><trkpt lat="34.9197485" lon="137.1612226"/><trkpt lat="34.9195163" lon="137.1612627"/><trkpt lat="34.9189559" lon="137.1613139"/><trkpt lat="34.9187412" lon="137.1613485"/><trkpt lat="34.9185807" lon="137.161384"/><trkpt lat="34.9184422" lon="137.1614401"/><trkpt lat="34.9183633" lon="137.161485"/><trkpt lat="34.9183088" lon="137.1615262"/><trkpt lat="34.9182307" lon="137.1615834"/><trkpt lat="34.9182028" lon="137.1616191"/><trkpt lat="34.9181294" lon="137.1617113"/><trkpt lat="34.9180607" lon="137.1618054"/><trkpt lat="34.9180092" lon="137.1619061"/><trkpt lat="34.9179615" lon="137.1620305"/><trkpt lat="34.9179481" lon="137.1620715"/><trkpt lat="34.9179123" lon="137.1621939"/><trkpt lat="34.917881" lon="137.1624177"/><trkpt lat="34.9178611" lon="137.1625037"/><trkpt lat="34.9178258" lon="137.1626256"/><trkpt lat="34.9177972" lon="137.1627079"/><trkpt lat="34.9177272" lon="137.1628027"/></trkseg></trk><trk><name>way/464034786</name><desc>highway=tertiary</desc><link href="http://osm.org/browse/way/464034786"/><trkseg><trkpt lat="34.9178258" lon="137.1626256"/><trkpt lat="34.9180935" lon="137.1629402"/><trkpt lat="34.9181913" lon="137.1630301"/><trkpt lat="34.9182795" lon="137.1630912"/><trkpt lat="34.9183201" lon="137.163106"/><trkpt lat="34.9184462" lon="137.1631346"/><trkpt lat="34.9185642" lon="137.1631364"/><trkpt lat="34.9187076" lon="137.1631123"/><trkpt lat="34.91887" lon="137.1630859"/><trkpt lat="34.9190591" lon="137.1630526"/><trkpt lat="34.9193752" lon="137.1630075"/><trkpt lat="34.9195063" lon="137.1629796"/><trkpt lat="34.9196008" lon="137.1629295"/><trkpt lat="34.9196944" lon="137.1628587"/><trkpt lat="34.9197476" lon="137.1627888"/><trkpt lat="34.9197882" lon="137.1627281"/><trkpt lat="34.9198654" lon="137.1626253"/><trkpt lat="34.919966" lon="137.1625295"/><trkpt lat="34.9200372" lon="137.162479"/><trkpt lat="34.9201089" lon="137.1624511"/><trkpt lat="34.9201969" lon="137.1624235"/><trkpt lat="34.9203957" lon="137.1624324"/><trkpt lat="34.9204118" lon="137.1624323"/><trkpt lat="34.9207391" lon="137.1624318"/><trkpt lat="34.9210217" lon="137.1624025"/><trkpt lat="34.9212343" lon="137.1623805"/><trkpt lat="34.9216454" lon="137.1623149"/></trkseg></trk><trk><name>way/464034787</name><desc>highway=residential</desc><link href="http://osm.org/browse/way/464034787"/><trkseg><trkpt lat="34.9207826" lon="137.1596575"/><trkpt lat="34.921025" lon="137.1596718"/><trkpt lat="34.9210489" lon="137.1598467"/><trkpt lat="34.9210883" lon="137.1601352"/><trkpt lat="34.9211387" lon="137.1605639"/><trkpt lat="34.9212124" lon="137.1609471"/><trkpt lat="34.9212945" lon="137.1613631"/><trkpt lat="34.921372" lon="137.1619294"/><trkpt lat="34.9213811" lon="137.1621274"/><trkpt lat="34.9209922" lon="137.1621571"/><trkpt lat="34.9207108" lon="137.1621766"/><trkpt lat="34.9204286" lon="137.1621813"/></trkseg></trk><trk><name>way/464034788</name><desc>highway=residential</desc><link href="http://osm.org/browse/way/464034788"/><trkseg><trkpt lat="34.9207108" lon="137.1621766"/><trkpt lat="34.9206461" lon="137.1613098"/><trkpt lat="34.9206188" lon="137.1611993"/><trkpt lat="34.9205912" lon="137.1611152"/><trkpt lat="34.9205386" lon="137.1609989"/><trkpt lat="34.920377" lon="137.1607978"/></trkseg></trk><trk><name>way/464034790</name><desc>highway=residential</desc><link href="http://osm.org/browse/way/464034790"/><trkseg><trkpt lat="34.9207411" lon="137.1607467"/><trkpt lat="34.9208178" lon="137.1608719"/><trkpt lat="34.9208844" lon="137.1610412"/><trkpt lat="34.9209222" lon="137.1611739"/><trkpt lat="34.9209501" lon="137.161334"/><trkpt lat="34.9209922" lon="137.1621571"/></trkseg></trk><trk><name>way/464034792</name><desc>highway=residential</desc><link href="http://osm.org/browse/way/464034792"/><trkseg><trkpt lat="34.9204118" lon="137.1624323"/><trkpt lat="34.9204286" lon="137.1621813"/><trkpt lat="34.9203778" lon="137.1614145"/><trkpt lat="34.9206188" lon="137.1611993"/></trkseg></trk><trk><name>way/464034793</name><desc>highway=residential</desc><link href="http://osm.org/browse/way/464034793"/><trkseg><trkpt lat="34.9189559" lon="137.1613139"/><trkpt lat="34.9189684" lon="137.16141"/><trkpt lat="34.9189753" lon="137.1615364"/><trkpt lat="34.9189792" lon="137.1616065"/><trkpt lat="34.9190219" lon="137.162316"/><trkpt lat="34.9190591" lon="137.1630526"/></trkseg></trk><trk><name>way/464034794</name><desc>highway=residential</desc><link href="http://osm.org/browse/way/464034794"/><trkseg><trkpt lat="34.9201969" lon="137.1624235"/><trkpt lat="34.9201499" lon="137.161583"/><trkpt lat="34.9201458" lon="137.1615305"/><trkpt lat="34.9200934" lon="137.1613765"/><trkpt lat="34.9198541" lon="137.1614738"/><trkpt lat="34.9195863" lon="137.1615373"/><trkpt lat="34.9195336" lon="137.1615431"/><trkpt lat="34.9192826" lon="137.1615709"/><trkpt lat="34.9189792" lon="137.1616065"/></trkseg></trk><trk><name>way/464034795</name><desc>highway=residential</desc><link href="http://osm.org/browse/way/464034795"/><trkseg><trkpt lat="34.919966" lon="137.1625295"/><trkpt lat="34.9199123" lon="137.1623727"/><trkpt lat="34.9198541" lon="137.1614738"/></trkseg></trk><trk><name>way/464034796</name><desc>highway=residential</desc><link href="http://osm.org/browse/way/464034796"/><trkseg><trkpt lat="34.9197476" lon="137.1627888"/><trkpt lat="34.9196567" lon="137.1626262"/><trkpt lat="34.9195863" lon="137.1615373"/></trkseg></trk><trk><name>way/464034797</name><desc>highway=residential</desc><link href="http://osm.org/browse/way/464034797"/><trkseg><trkpt lat="34.9193752" lon="137.1630075"/><trkpt lat="34.9192826" lon="137.1615709"/></trkseg></trk><trk><name>way/464034798</name><desc>highway=residential</desc><link href="http://osm.org/browse/way/464034798"/><trkseg><trkpt lat="34.9190219" lon="137.162316"/><trkpt lat="34.91883" lon="137.1623168"/><trkpt lat="34.9187177" lon="137.162346"/><trkpt lat="34.9184954" lon="137.1623526"/><trkpt lat="34.9183371" lon="137.1623366"/><trkpt lat="34.9181699" lon="137.16224"/><trkpt lat="34.9180448" lon="137.1621286"/><trkpt lat="34.9179481" lon="137.1620715"/></trkseg></trk><trk><name>way/464034799</name><desc>highway=residential</desc><link href="http://osm.org/browse/way/464034799"/><trkseg><trkpt lat="34.91883" lon="137.1623168"/><trkpt lat="34.9188517" lon="137.1628515"/><trkpt lat="34.9185746" lon="137.1628945"/><trkpt lat="34.9185127" lon="137.1628889"/><trkpt lat="34.9184558" lon="137.1628837"/><trkpt lat="34.9183896" lon="137.1628501"/><trkpt lat="34.9182975" lon="137.1628033"/><trkpt lat="34.9181062" lon="137.1626235"/><trkpt lat="34.9181699" lon="137.16224"/></trkseg></trk><trk><name>way/464034800</name><desc>highway=residential</desc><link href="http://osm.org/browse/way/464034800"/><trkseg><trkpt lat="34.9185127" lon="137.1628889"/><trkpt lat="34.9184954" lon="137.1623526"/></trkseg></trk><trk><name>way/464034801</name><desc>highway=path
surface=paved</desc><link href="http://osm.org/browse/way/464034801"/><trkseg><trkpt lat="34.91883" lon="137.1623168"/><trkpt lat="34.9188239" lon="137.1615707"/><trkpt lat="34.9189753" lon="137.1615364"/></trkseg></trk><trk><name>way/464034802</name><desc>highway=path
surface=paved</desc><link href="http://osm.org/browse/way/464034802"/><trkseg><trkpt lat="34.9177272" lon="137.1628027"/><trkpt lat="34.918041" lon="137.1631639"/><trkpt lat="34.9182565" lon="137.1632176"/></trkseg></trk><trk><name>way/464034803</name><desc>highway=steps</desc><link href="http://osm.org/browse/way/464034803"/><trkseg><trkpt lat="34.9182565" lon="137.1632176"/><trkpt lat="34.9183201" lon="137.163106"/><trkpt lat="34.9183221" lon="137.1631032"/><trkpt lat="34.9183896" lon="137.1628501"/></trkseg></trk><trk><name>way/464034804</name><desc>highway=path
surface=paved</desc><link href="http://osm.org/browse/way/464034804"/><trkseg><trkpt lat="34.91887" lon="137.1630859"/><trkpt lat="34.9188517" lon="137.1628515"/></trkseg></trk><trk><name>way/464034805</name><desc>highway=path
surface=paved</desc><link href="http://osm.org/browse/way/464034805"/><trkseg><trkpt lat="34.9195336" lon="137.1615431"/><trkpt lat="34.9195163" lon="137.1612627"/></trkseg></trk><trk><name>way/464034806</name><desc>highway=path
surface=paved</desc><link href="http://osm.org/browse/way/464034806"/><trkseg><trkpt lat="34.9200934" lon="137.1613765"/><trkpt lat="34.9200084" lon="137.1611131"/></trkseg></trk><trk><name>way/464034807</name><desc>highway=path
surface=paved</desc><link href="http://osm.org/browse/way/464034807"/><trkseg><trkpt lat="34.921372" lon="137.1619294"/><trkpt lat="34.9215817" lon="137.1618935"/></trkseg></trk><trk><name>way/464034810</name><desc>highway=tertiary
source=YahooJapan/ALPSMAP</desc><link href="http://osm.org/browse/way/464034810"/><trkseg><trkpt lat="34.9216454" lon="137.1623149"/><trkpt lat="34.9215817" lon="137.1618935"/><trkpt lat="34.9215745" lon="137.1618401"/></trkseg></trk><trk><name>way/464034811</name><desc>highway=residential</desc><link href="http://osm.org/browse/way/464034811"/><trkseg><trkpt lat="34.9210217" lon="137.1624025"/><trkpt lat="34.9211151" lon="137.1632802"/></trkseg></trk><trk><name>way/464043068</name><desc>highway=residential
source=YahooJapan/ALPSMAP</desc><link href="http://osm.org/browse/way/464043068"/><trkseg><trkpt lat="34.919725" lon="137.1651705"/><trkpt lat="34.9195884" lon="137.1649482"/><trkpt lat="34.919227" lon="137.1646927"/><trkpt lat="34.9189436" lon="137.1644787"/><trkpt lat="34.918588" lon="137.1644776"/><trkpt lat="34.9184393" lon="137.1644989"/><trkpt lat="34.918" lon="137.1646045"/><trkpt lat="34.917627" lon="137.164711"/><trkpt lat="34.9176026" lon="137.1647156"/></trkseg></trk><trk><name>way/464043069</name><desc>highway=residential</desc><link href="http://osm.org/browse/way/464043069"/><trkseg><trkpt lat="34.9177392" lon="137.1651574"/><trkpt lat="34.9183772" lon="137.1650468"/><trkpt lat="34.9185016" lon="137.1650252"/><trkpt lat="34.9186072" lon="137.164934"/><trkpt lat="34.9186996" lon="137.1650306"/><trkpt lat="34.9188007" lon="137.1656796"/><trkpt lat="34.9186648" lon="137.1657244"/><trkpt lat="34.9185236" lon="137.1657708"/><trkpt lat="34.9183772" lon="137.1650468"/></trkseg></trk><trk><name>way/464043070</name><desc>highway=residential</desc><link href="http://osm.org/browse/way/464043070"/><trkseg><trkpt lat="34.9187188" lon="137.1665416"/><trkpt lat="34.9187435" lon="137.1660927"/><trkpt lat="34.9186648" lon="137.1657244"/></trkseg></trk><trk><name>way/464043071</name><desc>highway=residential</desc><link href="http://osm.org/browse/way/464043071"/><trkseg><trkpt lat="34.9172365" lon="137.1635548"/><trkpt lat="34.9173876" lon="137.163196"/><trkpt lat="34.9174859" lon="137.1630337"/><trkpt lat="34.9177272" lon="137.1628027"/></trkseg></trk><trk><name>way/464043072</name><desc>highway=residential</desc><link href="http://osm.org/browse/way/464043072"/><trkseg><trkpt lat="34.9167778" lon="137.1627159"/><trkpt lat="34.9166263" lon="137.1620963"/></trkseg></trk><trk><name>way/464043076</name><desc>highway=residential
source=YahooJapan/ALPSMAP</desc><link href="http://osm.org/browse/way/464043076"/><trkseg><trkpt lat="34.9146392" lon="137.162982"/><trkpt lat="34.914803" lon="137.16282"/><trkpt lat="34.914927" lon="137.162652"/><trkpt lat="34.915042" lon="137.162522"/><trkpt lat="34.915147" lon="137.16242"/><trkpt lat="34.915197" lon="137.162357"/><trkpt lat="34.915253" lon="137.162301"/><trkpt lat="34.9153588" lon="137.1620843"/><trkpt lat="34.9155797" lon="137.1618886"/><trkpt lat="34.9156263" lon="137.1616768"/><trkpt lat="34.9156337" lon="137.1615099"/><trkpt lat="34.9156921" lon="137.1615174"/></trkseg></trk><trk><name>way/464043083</name><desc>highway=residential</desc><link href="http://osm.org/browse/way/464043083"/><trkseg><trkpt lat="34.9156337" lon="137.1615099"/><trkpt lat="34.9154402" lon="137.161502"/><trkpt lat="34.9152188" lon="137.1614109"/><trkpt lat="34.9150883" lon="137.1613572"/><trkpt lat="34.9150136" lon="137.1615288"/><trkpt lat="34.9145077" lon="137.1612821"/><trkpt lat="34.914611" lon="137.1609897"/><trkpt lat="34.9148508" lon="137.1611158"/><trkpt lat="34.9149828" lon="137.1611533"/><trkpt lat="34.9150883" lon="137.1613572"/></trkseg></trk><trk><name>way/464043085</name><desc>highway=residential</desc><link href="http://osm.org/browse/way/464043085"/><trkseg><trkpt lat="34.9152188" lon="137.1614109"/><trkpt lat="34.9150673" lon="137.1617086"/><trkpt lat="34.9149432" lon="137.1619526"/><trkpt lat="34.9151191" lon="137.1620706"/><trkpt lat="34.9152291" lon="137.1618185"/><trkpt lat="34.9150673" lon="137.1617086"/></trkseg></trk><trk><name>若松萱林線</name><desc>highway=residential
name=若松萱林線</desc><link href="http://osm.org/browse/way/464043086"/><trkseg><trkpt lat="34.9166263" lon="137.1620963"/><trkpt lat="34.9165883" lon="137.1619097"/><trkpt lat="34.916364" lon="137.1617005"/></trkseg></trk><trk><name>若松萱林線</name><desc>highway=service
name=若松萱林線
service=alley</desc><link href="http://osm.org/browse/way/464043087"/><trkseg><trkpt lat="34.916364" lon="137.1617005"/><trkpt lat="34.9160253" lon="137.1613679"/><trkpt lat="34.9157043" lon="137.1612395"/></trkseg></trk><trk><name>way/464043088</name><desc>highway=residential</desc><link href="http://osm.org/browse/way/464043088"/><trkseg><trkpt lat="34.9163393" lon="137.1624008"/><trkpt lat="34.9159777" lon="137.1621571"/><trkpt lat="34.9159023" lon="137.162327"/><trkpt lat="34.915948" lon="137.162517"/></trkseg></trk><trk><name>way/464047293</name><desc>highway=residential</desc><link href="http://osm.org/browse/way/464047293"/><trkseg><trkpt lat="34.919205" lon="137.1664342"/><trkpt lat="34.9193105" lon="137.1661666"/><trkpt lat="34.9193721" lon="137.1658233"/><trkpt lat="34.9192978" lon="137.1657799"/><trkpt lat="34.9191609" lon="137.1656999"/><trkpt lat="34.9192929" lon="137.1653244"/><trkpt lat="34.9194468" lon="137.1653995"/><trkpt lat="34.9192978" lon="137.1657799"/></trkseg></trk><trk><name>way/464047294</name><desc>highway=unclassified</desc><link href="http://osm.org/browse/way/464047294"/><trkseg><trkpt lat="34.9217775" lon="137.1656857"/><trkpt lat="34.9218558" lon="137.1660042"/></trkseg></trk><trk><name>way/464495890</name><desc>highway=path</desc><link href="http://osm.org/browse/way/464495890"/><trkseg><trkpt lat="34.91633" lon="137.1659667"/><trkpt lat="34.9163849" lon="137.1658095"/><trkpt lat="34.9164657" lon="137.1656969"/></trkseg></trk><trk><name>way/464495891</name><desc>bridge=yes
highway=path</desc><link href="http://osm.org/browse/way/464495891"/><trkseg><trkpt lat="34.9164457" lon="137.1656619"/><trkpt lat="34.916349" lon="137.1655815"/></trkseg></trk><trk><name>way/464495892</name><desc>highway=path</desc><link href="http://osm.org/browse/way/464495892"/><trkseg><trkpt lat="34.9164457" lon="137.1656619"/><trkpt lat="34.9164657" lon="137.1656969"/></trkseg></trk><trk><name>way/464495893</name><desc>highway=path</desc><link href="http://osm.org/browse/way/464495893"/><trkseg><trkpt lat="34.916349" lon="137.1655815"/><trkpt lat="34.9161246" lon="137.1655493"/><trkpt lat="34.9159971" lon="137.16475"/><trkpt lat="34.9159443" lon="137.1646427"/></trkseg></trk><trk><name>way/464495895</name><desc>highway=path</desc><link href="http://osm.org/browse/way/464495895"/><trkseg><trkpt lat="34.9154497" lon="137.165624"/><trkpt lat="34.9154429" lon="137.1653339"/><trkpt lat="34.9154352" lon="137.1650002"/><trkpt lat="34.9154309" lon="137.1648162"/><trkpt lat="34.9154285" lon="137.1647143"/><trkpt lat="34.9154363" lon="137.1645862"/><trkpt lat="34.915461" lon="137.1644834"/><trkpt lat="34.9154792" lon="137.1644019"/><trkpt lat="34.9155673" lon="137.1643166"/><trkpt lat="34.9159533" lon="137.1642891"/><trkpt lat="34.916052" lon="137.164282"/><trkpt lat="34.9161387" lon="137.1642758"/><trkpt lat="34.9164184" lon="137.1641684"/><trkpt lat="34.9168135" lon="137.1639274"/><trkpt lat="34.9168479" lon="137.1638407"/><trkpt lat="34.9168751" lon="137.163772"/><trkpt lat="34.9169698" lon="137.1637214"/><trkpt lat="34.9172365" lon="137.1635548"/></trkseg></trk><trk><name>way/464495896</name><desc>highway=steps</desc><link href="http://osm.org/browse/way/464495896"/><trkseg><trkpt lat="34.9159868" lon="137.1646391"/><trkpt lat="34.9159685" lon="137.1644612"/></trkseg></trk><trk><name>way/464495897</name><desc>highway=path</desc><link href="http://osm.org/browse/way/464495897"/><trkseg><trkpt lat="34.9159685" lon="137.1644612"/><trkpt lat="34.9159533" lon="137.1642891"/></trkseg></trk><trk><name>way/464495898</name><desc>highway=path</desc><link href="http://osm.org/browse/way/464495898"/><trkseg><trkpt lat="34.9154285" lon="137.1647143"/><trkpt lat="34.9159443" lon="137.1646427"/><trkpt lat="34.9159868" lon="137.1646391"/><trkpt lat="34.9161053" lon="137.164602"/><trkpt lat="34.9165406" lon="137.1644029"/><trkpt lat="34.9167121" lon="137.1642549"/><trkpt lat="34.9168743" lon="137.1641906"/><trkpt lat="34.9170445" lon="137.1641609"/><trkpt lat="34.9171192" lon="137.1641233"/><trkpt lat="34.9171262" lon="137.1641679"/><trkpt lat="34.9173226" lon="137.1646137"/><trkpt lat="34.9173674" lon="137.1647553"/><trkpt lat="34.9173465" lon="137.1648042"/><trkpt lat="34.9172034" lon="137.1651379"/><trkpt lat="34.917198" lon="137.1651506"/><trkpt lat="34.9171622" lon="137.1653489"/><trkpt lat="34.9171809" lon="137.1655407"/><trkpt lat="34.9170306" lon="137.1657663"/><trkpt lat="34.9166903" lon="137.1657624"/><trkpt lat="34.9164657" lon="137.1656969"/></trkseg></trk><trk><name>way/464495899</name><desc>highway=path</desc><link href="http://osm.org/browse/way/464495899"/><trkseg><trkpt lat="34.9173674" lon="137.1647553"/><trkpt lat="34.9176026" lon="137.1647156"/></trkseg></trk><trk><name>way/464495900</name><desc>highway=path</desc><link href="http://osm.org/browse/way/464495900"/><trkseg><trkpt lat="34.9171192" lon="137.1641233"/><trkpt lat="34.9170992" lon="137.1639497"/><trkpt lat="34.9169698" lon="137.1637214"/></trkseg></trk><trk><name>way/464495901</name><desc>highway=path</desc><link href="http://osm.org/browse/way/464495901"/><trkseg><trkpt lat="34.9168479" lon="137.1638407"/><trkpt lat="34.9167045" lon="137.163804"/><trkpt lat="34.9166595" lon="137.1635671"/><trkpt lat="34.9166664" lon="137.163442"/><trkpt lat="34.9166304" lon="137.1632494"/><trkpt lat="34.9166454" lon="137.1631315"/><trkpt lat="34.9167041" lon="137.1630341"/><trkpt lat="34.9167769" lon="137.1629572"/><trkpt lat="34.9168375" lon="137.1627691"/></trkseg></trk><trk><name>way/464495902</name><desc>highway=path</desc><link href="http://osm.org/browse/way/464495902"/><trkseg><trkpt lat="34.9157591" lon="137.1628196"/><trkpt lat="34.9157855" lon="137.1628371"/><trkpt lat="34.9160639" lon="137.1630209"/><trkpt lat="34.916118" lon="137.1631089"/><trkpt lat="34.9161902" lon="137.1633608"/><trkpt lat="34.9161822" lon="137.1634684"/><trkpt lat="34.9159454" lon="137.164116"/><trkpt lat="34.9159533" lon="137.1642891"/></trkseg></trk><trk><name>way/464495903</name><desc>highway=path</desc><link href="http://osm.org/browse/way/464495903"/><trkseg><trkpt lat="34.9154937" lon="137.1664357"/><trkpt lat="34.9152119" lon="137.1662835"/></trkseg></trk><trk><name>way/464664288</name><desc>highway=residential
source=YahooJapan/ALPSMAP</desc><link href="http://osm.org/browse/way/464664288"/><trkseg><trkpt lat="34.9222355" lon="137.1682683"/><trkpt lat="34.921943" lon="137.168646"/><trkpt lat="34.921708" lon="137.1689879"/></trkseg></trk><trk><name>way/466121134</name><desc>highway=service
oneway=yes</desc><link href="http://osm.org/browse/way/466121134"/><trkseg><trkpt lat="34.9157591" lon="137.1628196"/><trkpt lat="34.9157323" lon="137.1628617"/><trkpt lat="34.9156729" lon="137.1628939"/><trkpt lat="34.9151934" lon="137.1628805"/><trkpt lat="34.9151956" lon="137.1626981"/><trkpt lat="34.915343" lon="137.1627008"/><trkpt lat="34.9154926" lon="137.162631"/><trkpt lat="34.9156773" lon="137.162631"/><trkpt lat="34.9156927" lon="137.1626055"/><trkpt lat="34.9156924" lon="137.1625028"/></trkseg></trk><trk><name>way/466121137</name><desc>highway=service</desc><link href="http://osm.org/browse/way/466121137"/><trkseg><trkpt lat="34.9154415" lon="137.1670696"/><trkpt lat="34.9155074" lon="137.1670649"/></trkseg></trk><trk><name>way/466121142</name><desc>highway=path</desc><link href="http://osm.org/browse/way/466121142"/><trkseg><trkpt lat="34.9175655" lon="137.1663235"/><trkpt lat="34.9174731" lon="137.16619"/></trkseg></trk><trk><name>way/466121143</name><desc>highway=service</desc><link href="http://osm.org/browse/way/466121143"/><trkseg><trkpt lat="34.9175655" lon="137.1663235"/><trkpt lat="34.9176249" lon="137.1662033"/></trkseg></trk><trk><name>way/469439577</name><desc>highway=residential</desc><link href="http://osm.org/browse/way/469439577"/><trkseg><trkpt lat="34.9150042" lon="137.1722211"/><trkpt lat="34.9149013" lon="137.1723203"/><trkpt lat="34.9147597" lon="137.1725116"/><trkpt lat="34.9146297" lon="137.1727104"/><trkpt lat="34.914563" lon="137.1728958"/><trkpt lat="34.9145542" lon="137.1729239"/><trkpt lat="34.9144736" lon="137.1731809"/></trkseg></trk><trk><name>way/469490735</name><desc>highway=residential</desc><link href="http://osm.org/browse/way/469490735"/><trkseg><trkpt lat="34.9217024" lon="137.165339"/><trkpt lat="34.92187" lon="137.1652887"/><trkpt lat="34.9219207" lon="137.1651146"/><trkpt lat="34.9219111" lon="137.1647778"/><trkpt lat="34.9218934" lon="137.1640932"/><trkpt lat="34.9218015" lon="137.1632192"/></trkseg></trk><trk><name>way/475578929</name><desc>highway=service</desc><link href="http://osm.org/browse/way/475578929"/><trkseg><trkpt lat="34.9182307" lon="137.1615834"/><trkpt lat="34.9181796" lon="137.1614398"/><trkpt lat="34.9181759" lon="137.1613395"/></trkseg></trk><trk><name>way/475578930</name><desc>highway=service
oneway=yes</desc><link href="http://osm.org/browse/way/475578930"/><trkseg><trkpt lat="34.9181759" lon="137.1613395"/><trkpt lat="34.9180942" lon="137.1601324"/><trkpt lat="34.9180827" lon="137.1599516"/></trkseg></trk><trk><name>way/475578931</name><desc>highway=service
oneway=yes</desc><link href="http://osm.org/browse/way/475578931"/><trkseg><trkpt lat="34.9176525" lon="137.1599779"/><trkpt lat="34.9180827" lon="137.1599516"/><trkpt lat="34.9182234" lon="137.1599382"/><trkpt lat="34.9182582" lon="137.1599761"/><trkpt lat="34.9183386" lon="137.1612626"/><trkpt lat="34.9183112" lon="137.1613278"/><trkpt lat="34.9181759" lon="137.1613395"/></trkseg></trk><trk><name>way/475578932</name><desc>highway=service</desc><link href="http://osm.org/browse/way/475578932"/><trkseg><trkpt lat="34.9176609" lon="137.1601609"/><trkpt lat="34.9176202" lon="137.1605472"/><trkpt lat="34.9176825" lon="137.1614738"/><trkpt lat="34.9179621" lon="137.1614534"/><trkpt lat="34.9179697" lon="137.1616313"/><trkpt lat="34.9179393" lon="137.1616517"/><trkpt lat="34.9176825" lon="137.1614738"/><trkpt lat="34.917295" lon="137.1613533"/></trkseg></trk><trk><name>way/553748289</name><desc>highway=path</desc><link href="http://osm.org/browse/way/553748289"/><trkseg><trkpt lat="34.9189684" lon="137.16141"/><trkpt lat="34.9187298" lon="137.1615323"/><trkpt lat="34.9187028" lon="137.1617518"/><trkpt lat="34.9186984" lon="137.1617869"/><trkpt lat="34.9187594" lon="137.1620595"/><trkpt lat="34.9187095" lon="137.1622127"/><trkpt lat="34.9187177" lon="137.162346"/></trkseg></trk><trk><name>way/553748290</name><desc>highway=path</desc><link href="http://osm.org/browse/way/553748290"/><trkseg><trkpt lat="34.9187095" lon="137.1622127"/><trkpt lat="34.9186235" lon="137.162269"/><trkpt lat="34.9184794" lon="137.162287"/><trkpt lat="34.9183076" lon="137.1622194"/><trkpt lat="34.9181598" lon="137.1620865"/><trkpt lat="34.9181431" lon="137.1619716"/><trkpt lat="34.9181893" lon="137.1618612"/><trkpt lat="34.9182909" lon="137.1617192"/><trkpt lat="34.9184073" lon="137.1616224"/><trkpt lat="34.9184313" lon="137.161613"/><trkpt lat="34.9185108" lon="137.1615818"/><trkpt lat="34.9186216" lon="137.1616201"/><trkpt lat="34.9186327" lon="137.1617057"/><trkpt lat="34.9187028" lon="137.1617518"/></trkseg></trk><trk><name>way/553748291</name><desc>highway=path</desc><link href="http://osm.org/browse/way/553748291"/><trkseg><trkpt lat="34.9181598" lon="137.1620865"/><trkpt lat="34.9181284" lon="137.1620797"/><trkpt lat="34.9180448" lon="137.1621286"/></trkseg></trk><trk><name>way/553749300</name><desc>highway=path</desc><link href="http://osm.org/browse/way/553749300"/><trkseg><trkpt lat="34.9184313" lon="137.161613"/><trkpt lat="34.9183633" lon="137.161485"/></trkseg></trk><trk><name>国道248号</name><desc>highway=trunk
lanes=2
maxspeed=60
name=国道248号
name:en=National Highway Route 248
name:ja=国道248号
oneway=yes
ref=248
source=GSI/KIBAN 2500;NARO
surface=paved</desc><link href="http://osm.org/browse/way/611700825"/><trkseg><trkpt lat="34.9048814" lon="137.1728862"/><trkpt lat="34.9051221" lon="137.1727726"/><trkpt lat="34.9053742" lon="137.1726779"/><trkpt lat="34.9057883" lon="137.1725142"/><trkpt lat="34.9061117" lon="137.1723927"/><trkpt lat="34.9065168" lon="137.1722338"/><trkpt lat="34.9071268" lon="137.1719887"/><trkpt lat="34.9076029" lon="137.1717849"/><trkpt lat="34.9079468" lon="137.1716653"/><trkpt lat="34.9081967" lon="137.1715402"/><trkpt lat="34.9084209" lon="137.1714142"/><trkpt lat="34.9086444" lon="137.1712522"/><trkpt lat="34.9089732" lon="137.1709915"/><trkpt lat="34.9092522" lon="137.1707171"/><trkpt lat="34.9095535" lon="137.1704047"/><trkpt lat="34.9096976" lon="137.1702385"/><trkpt lat="34.9097293" lon="137.1702098"/><trkpt lat="34.9098578" lon="137.1700731"/><trkpt lat="34.9099692" lon="137.1699482"/><trkpt lat="34.9100961" lon="137.1698638"/><trkpt lat="34.9103686" lon="137.1695701"/><trkpt lat="34.9106905" lon="137.1692562"/><trkpt lat="34.911026" lon="137.1689077"/><trkpt lat="34.9111824" lon="137.1687571"/><trkpt lat="34.9114971" lon="137.1684888"/><trkpt lat="34.9117051" lon="137.1683278"/><trkpt lat="34.9120167" lon="137.1681201"/><trkpt lat="34.9123389" lon="137.1679562"/><trkpt lat="34.9125975" lon="137.1678468"/><trkpt lat="34.9128549" lon="137.1677505"/><trkpt lat="34.9130138" lon="137.1677169"/><trkpt lat="34.9133063" lon="137.1676743"/><trkpt lat="34.913947" lon="137.1676069"/><trkpt lat="34.9151635" lon="137.1674745"/><trkpt lat="34.9155404" lon="137.1674273"/><trkpt lat="34.915833" lon="137.1673977"/><trkpt lat="34.9168934" lon="137.1673006"/><trkpt lat="34.9176845" lon="137.1672232"/><trkpt lat="34.918347" lon="137.1671683"/><trkpt lat="34.9188354" lon="137.1671058"/><trkpt lat="34.9195207" lon="137.1670376"/><trkpt lat="34.9202757" lon="137.1669728"/><trkpt lat="34.9209723" lon="137.1669094"/><trkpt lat="34.9222853" lon="137.1667779"/><trkpt lat="34.9225732" lon="137.1667521"/><trkpt lat="34.9229906" lon="137.1667092"/><trkpt lat="34.9236271" lon="137.1666398"/><trkpt lat="34.9237173" lon="137.1666326"/><trkpt lat="34.9249543" lon="137.1665006"/><trkpt lat="34.9263445" lon="137.1663763"/><trkpt lat="34.9283752" lon="137.1663543"/><trkpt lat="34.9315762" lon="137.166313"/><trkpt lat="34.9322991" lon="137.1663153"/><trkpt lat="34.9333238" lon="137.1662922"/><trkpt lat="34.933554" lon="137.1662827"/><trkpt lat="34.9352211" lon="137.1662757"/><trkpt lat="34.9369736" lon="137.1662569"/><trkpt lat="34.9372136" lon="137.1662522"/><trkpt lat="34.937534" lon="137.1662713"/><trkpt lat="34.9377045" lon="137.1662555"/><trkpt lat="34.9378573" lon="137.1662151"/><trkpt lat="34.9382156" lon="137.166114"/><trkpt lat="34.9384283" lon="137.1660186"/><trkpt lat="34.9384944" lon="137.1659849"/><trkpt lat="34.9386731" lon="137.1658381"/><trkpt lat="34.9387394" lon="137.1657888"/><trkpt lat="34.9388624" lon="137.1657027"/><trkpt lat="34.9389741" lon="137.1656095"/><trkpt lat="34.9390918" lon="137.1654904"/><trkpt lat="34.9392627" lon="137.165283"/><trkpt lat="34.9394221" lon="137.1650756"/><trkpt lat="34.9397909" lon="137.1645129"/><trkpt lat="34.9398773" lon="137.1643456"/><trkpt lat="34.9403664" lon="137.1635039"/><trkpt lat="34.9405089" lon="137.163269"/><trkpt lat="34.9407313" lon="137.1629021"/><trkpt lat="34.9407956" lon="137.1627867"/></trkseg></trk><trk><name>way/617358969</name><desc>highway=footway</desc><link href="http://osm.org/browse/way/617358969"/><trkseg><trkpt lat="34.9155673" lon="137.1643166"/><trkpt lat="34.9153968" lon="137.1642203"/><trkpt lat="34.915159" lon="137.1639123"/><trkpt lat="34.9150619" lon="137.1636105"/><trkpt lat="34.9150104" lon="137.1633445"/><trkpt lat="34.9150378" lon="137.1630066"/></trkseg></trk><trk><name>way/617358970</name><desc>highway=footway</desc><link href="http://osm.org/browse/way/617358970"/><trkseg><trkpt lat="34.9154309" lon="137.1648162"/><trkpt lat="34.9151271" lon="137.164886"/><trkpt lat="34.9149504" lon="137.1648435"/></trkseg></trk><trk><name>way/617358971</name><desc>highway=service</desc><link href="http://osm.org/browse/way/617358971"/><trkseg><trkpt lat="34.9153815" lon="137.1657125"/><trkpt lat="34.9153647" lon="137.1656702"/><trkpt lat="34.915199" lon="137.1656475"/><trkpt lat="34.9151915" lon="137.1655657"/><trkpt lat="34.9150295" lon="137.165543"/><trkpt lat="34.9149941" lon="137.1655084"/><trkpt lat="34.9149737" lon="137.1654885"/><trkpt lat="34.9148843" lon="137.1654476"/><trkpt lat="34.9148574" lon="137.1654498"/><trkpt lat="34.9147539" lon="137.1654476"/><trkpt lat="34.9146887" lon="137.1654597"/><trkpt lat="34.9146499" lon="137.1654676"/></trkseg></trk><trk><name>way/617358972</name><desc>highway=footway</desc><link href="http://osm.org/browse/way/617358972"/><trkseg><trkpt lat="34.9149941" lon="137.1655084"/><trkpt lat="34.9149731" lon="137.1656205"/></trkseg></trk><trk><name>way/617358973</name><desc>highway=footway</desc><link href="http://osm.org/browse/way/617358973"/><trkseg><trkpt lat="34.9154937" lon="137.1664357"/><trkpt lat="34.9155473" lon="137.1665582"/><trkpt lat="34.915592" lon="137.1667967"/></trkseg></trk><trk><name>way/617358974</name><desc>highway=footway</desc><link href="http://osm.org/browse/way/617358974"/><trkseg><trkpt lat="34.916052" lon="137.164282"/><trkpt lat="34.9160668" lon="137.1641371"/><trkpt lat="34.9161506" lon="137.1639396"/><trkpt lat="34.9161573" lon="137.1639286"/><trkpt lat="34.9162549" lon="137.1637692"/><trkpt lat="34.9162885" lon="137.1636579"/><trkpt lat="34.9163487" lon="137.1635967"/><trkpt lat="34.9163555" lon="137.1635898"/><trkpt lat="34.9163853" lon="137.1635535"/><trkpt lat="34.9165324" lon="137.1635489"/><trkpt lat="34.916579" lon="137.1635376"/><trkpt lat="34.9166664" lon="137.163442"/><trkpt lat="34.9167056" lon="137.163399"/><trkpt lat="34.9168695" lon="137.1631992"/><trkpt lat="34.916999" lon="137.1629339"/></trkseg></trk><trk><name>way/617358975</name><desc>highway=footway</desc><link href="http://osm.org/browse/way/617358975"/><trkseg><trkpt lat="34.9167045" lon="137.163804"/><trkpt lat="34.9166162" lon="137.1637931"/><trkpt lat="34.9165566" lon="137.1638317"/><trkpt lat="34.9165091" lon="137.1638953"/><trkpt lat="34.9164207" lon="137.163918"/><trkpt lat="34.9163862" lon="137.163876"/><trkpt lat="34.9163648" lon="137.1638498"/><trkpt lat="34.9163471" lon="137.1637806"/><trkpt lat="34.9163434" lon="137.1637068"/><trkpt lat="34.9163481" lon="137.1636386"/><trkpt lat="34.9163487" lon="137.1635967"/></trkseg></trk><trk><name>way/617358976</name><desc>highway=footway</desc><link href="http://osm.org/browse/way/617358976"/><trkseg><trkpt lat="34.9163862" lon="137.163876"/><trkpt lat="34.9163844" lon="137.1639293"/><trkpt lat="34.9163592" lon="137.1639838"/><trkpt lat="34.9163155" lon="137.1639895"/><trkpt lat="34.9162698" lon="137.1639861"/><trkpt lat="34.9162251" lon="137.1639611"/><trkpt lat="34.9161907" lon="137.1639362"/><trkpt lat="34.9161573" lon="137.1639286"/></trkseg></trk><trk><name>way/617358977</name><desc>highway=footway</desc><link href="http://osm.org/browse/way/617358977"/><trkseg><trkpt lat="34.9173465" lon="137.1648042"/><trkpt lat="34.9175155" lon="137.1649443"/><trkpt lat="34.9175796" lon="137.1652199"/><trkpt lat="34.9176013" lon="137.1653132"/><trkpt lat="34.9176476" lon="137.1655407"/><trkpt lat="34.9176813" lon="137.1658216"/></trkseg></trk><trk><name>way/617358978</name><desc>highway=path</desc><link href="http://osm.org/browse/way/617358978"/><trkseg><trkpt lat="34.9173831" lon="137.1660465"/><trkpt lat="34.9174731" lon="137.16619"/></trkseg></trk><trk><name>way/617358979</name><desc>highway=footway</desc><link href="http://osm.org/browse/way/617358979"/><trkseg><trkpt lat="34.9175796" lon="137.1652199"/><trkpt lat="34.9173209" lon="137.1652909"/><trkpt lat="34.9172557" lon="137.1652341"/><trkpt lat="34.9172034" lon="137.1651379"/></trkseg></trk><trk><name>way/617361961</name><desc>highway=service</desc><link href="http://osm.org/browse/way/617361961"/><trkseg><trkpt lat="34.9151934" lon="137.1628805"/><trkpt lat="34.9150722" lon="137.1628754"/><trkpt lat="34.9147425" lon="137.1632466"/><trkpt lat="34.9147103" lon="137.1633466"/></trkseg></trk><trk><name>way/617361963</name><desc>highway=footway</desc><link href="http://osm.org/browse/way/617361963"/><trkseg><trkpt lat="34.9147392" lon="137.1633409"/><trkpt lat="34.9147642" lon="137.1632822"/><trkpt lat="34.9149146" lon="137.1631271"/><trkpt lat="34.9150378" lon="137.1630066"/></trkseg></trk><trk><name>way/617361964</name><desc>highway=footway</desc><link href="http://osm.org/browse/way/617361964"/><trkseg><trkpt lat="34.9148951" lon="137.1638752"/><trkpt lat="34.9150191" lon="137.1638921"/><trkpt lat="34.915159" lon="137.1639123"/></trkseg></trk><trk><name>way/617361971</name><desc>highway=footway</desc><link href="http://osm.org/browse/way/617361971"/><trkseg><trkpt lat="34.9150378" lon="137.1630066"/><trkpt lat="34.9151155" lon="137.1629306"/><trkpt lat="34.915246" lon="137.1630148"/></trkseg></trk><trk><name>way/617361972</name><desc>highway=footway</desc><link href="http://osm.org/browse/way/617361972"/><trkseg><trkpt lat="34.9157855" lon="137.1628371"/><trkpt lat="34.9157322" lon="137.1628998"/><trkpt lat="34.9156494" lon="137.1629112"/><trkpt lat="34.9151475" lon="137.1629044"/><trkpt lat="34.9151155" lon="137.1629306"/></trkseg></trk><trk><name>way/638625332</name><desc>highway=steps</desc><link href="http://osm.org/browse/way/638625332"/><trkseg><trkpt lat="34.9154352" lon="137.1650002"/><trkpt lat="34.9153175" lon="137.1649942"/></trkseg></trk><trk><name>way/638625333</name><desc>highway=steps</desc><link href="http://osm.org/browse/way/638625333"/><trkseg><trkpt lat="34.9154429" lon="137.1653339"/><trkpt lat="34.9153277" lon="137.1653568"/></trkseg></trk><trk><name>way/638625334</name><desc>highway=path</desc><link href="http://osm.org/browse/way/638625334"/><trkseg><trkpt lat="34.9153175" lon="137.1649942"/><trkpt lat="34.9149312" lon="137.1649014"/></trkseg></trk><trk><name>way/638625335</name><desc>highway=path</desc><link href="http://osm.org/browse/way/638625335"/><trkseg><trkpt lat="34.9153277" lon="137.1653568"/><trkpt lat="34.915292" lon="137.1653817"/><trkpt lat="34.9152666" lon="137.1654563"/><trkpt lat="34.9148552" lon="137.165378"/></trkseg></trk><trk><name>way/638627285</name><desc>highway=steps</desc><link href="http://osm.org/browse/way/638627285"/><trkseg><trkpt lat="34.9159868" lon="137.1646391"/><trkpt lat="34.9160079" lon="137.164699"/></trkseg></trk><trk><name>way/974283238</name><desc>highway=service</desc><link href="http://osm.org/browse/way/974283238"/><trkseg><trkpt lat="34.9178696" lon="137.1640466"/><trkpt lat="34.918" lon="137.1646045"/></trkseg></trk><trk><name>way/974283239</name><desc>highway=residential</desc><link href="http://osm.org/browse/way/974283239"/><trkseg><trkpt lat="34.918588" lon="137.1644776"/><trkpt lat="34.9185015" lon="137.1640793"/><trkpt lat="34.9184502" lon="137.1638428"/><trkpt lat="34.9186173" lon="137.1637999"/><trkpt lat="34.9186613" lon="137.1640359"/><trkpt lat="34.9185015" lon="137.1640793"/></trkseg></trk><trk><name>way/974283240</name><desc>highway=residential</desc><link href="http://osm.org/browse/way/974283240"/><trkseg><trkpt lat="34.9195586" lon="137.1641217"/><trkpt lat="34.9189436" lon="137.1644787"/></trkseg></trk><trk><name>way/1045977654</name><desc>highway=residential</desc><link href="http://osm.org/browse/way/1045977654"/><trkseg><trkpt lat="34.9147597" lon="137.1725116"/><trkpt lat="34.9139717" lon="137.171372"/></trkseg></trk><trk><name>way/1045988149</name><desc>highway=path</desc><link href="http://osm.org/browse/way/1045988149"/><trkseg><trkpt lat="34.9182565" lon="137.1632176"/><trkpt lat="34.9184512" lon="137.1632413"/><trkpt lat="34.9187846" lon="137.1631925"/><trkpt lat="34.9190396" lon="137.1632087"/><trkpt lat="34.9196332" lon="137.1631948"/><trkpt lat="34.9199221" lon="137.1632288"/><trkpt lat="34.919993" lon="137.1632321"/><trkpt lat="34.920119" lon="137.1631588"/><trkpt lat="34.9202048" lon="137.1630353"/><trkpt lat="34.9202957" lon="137.1629859"/><trkpt lat="34.9204905" lon="137.1630645"/><trkpt lat="34.9205193" lon="137.1630606"/><trkpt lat="34.9208076" lon="137.1630219"/><trkpt lat="34.9207845" lon="137.162741"/><trkpt lat="34.9205237" lon="137.1627398"/><trkpt lat="34.9204817" lon="137.1627396"/><trkpt lat="34.9204244" lon="137.1627163"/><trkpt lat="34.9203909" lon="137.1626301"/><trkpt lat="34.9203957" lon="137.1624324"/></trkseg></trk><trk><name>way/1045988150</name><desc>highway=path</desc><link href="http://osm.org/browse/way/1045988150"/><trkseg><trkpt lat="34.9205237" lon="137.1627398"/><trkpt lat="34.9204438" lon="137.1628521"/><trkpt lat="34.9205047" lon="137.162944"/><trkpt lat="34.9205193" lon="137.1630606"/></trkseg></trk></gpx>